temperature,vibration,current,pressure,rpm,load,operating_hours,failure
53.94,1.64,23.68,5.35,1771,77.93,8499,0
61.78,0.51,14.18,7.88,1644,88.07,2997,0
60.05,2.49,8.83,8.15,1722,89.25,2274,1
39.65,1.95,27.34,9.69,1506,63.8,2316,0
64.89,1.93,20.02,7.39,1565,84.69,8019,1
60.09,1.03,13.81,7.83,1601,83.69,2296,0
50.19,1.69,8.69,8.54,1599,44.56,3369,0
72.62,1.91,29.69,8.07,1662,93.31,7534,1
45.58,1.84,19.42,8.41,1470,39.27,507,0
58.54,1.59,17.58,7.42,1537,41.57,4572,0
71.91,2.13,25.12,5.43,1561,58.12,3555,1
56.93,0.6,18.59,10.0,1523,66.67,3972,0
34.28,1.51,32.37,6.98,1477,67.3,1304,0
70.73,1.22,20.12,6.1,1678,80.17,7205,0
72.23,0.91,20.94,5.93,1684,50.09,5928,0
61.21,0.56,8.79,9.61,1456,63.26,7603,0
37.79,1.41,8.88,8.96,1504,96.27,6554,1
50.4,2.39,15.57,8.38,1639,92.19,7625,1
35.13,1.2,15.45,6.47,1642,50.92,7689,0
43.87,1.95,9.75,7.87,1716,42.06,180,0
64.36,0.29,24.1,5.66,1780,98.64,5053,1
53.26,0.34,22.43,6.0,1786,82.56,7261,0
73.54,2.01,11.96,9.93,1460,80.75,2853,0
32.15,1.76,14.7,5.08,1567,76.78,1446,0
57.74,0.29,14.16,6.55,1527,77.98,1793,0
71.62,2.21,23.59,5.63,1740,41.22,1262,0
69.07,2.13,21.91,7.59,1513,76.15,819,0
42.54,0.85,34.34,9.56,1579,66.45,2329,0
73.81,2.07,10.99,8.62,1713,50.37,3643,0
41.25,0.75,21.36,5.83,1650,54.17,3095,0
44.23,0.99,21.72,6.66,1599,48.92,2699,0
46.54,0.85,9.83,8.15,1584,58.83,4684,0
67.48,1.52,32.81,8.41,1558,68.65,5027,1
34.57,1.46,30.91,6.56,1516,57.3,6217,0
33.3,0.19,22.07,8.22,1730,79.77,5155,0
73.28,0.38,26.83,9.72,1641,72.19,7515,1
37.02,1.41,22.56,9.86,1683,86.23,5548,0
69.26,0.9,23.42,7.99,1515,43.8,3082,0
49.51,2.38,33.54,6.7,1687,66.39,6900,1
48.39,1.5,9.29,7.08,1608,98.01,4056,0
50.84,0.53,21.42,8.13,1713,43.94,480,0
73.73,1.27,18.25,9.71,1498,94.27,6633,1
46.13,2.04,33.87,9.06,1701,92.32,5142,1
50.18,1.61,32.6,6.99,1460,43.92,4944,0
64.15,0.5,9.17,8.53,1572,45.48,1923,0
71.12,0.6,30.39,9.8,1530,77.85,8318,1
36.83,2.07,11.98,9.56,1609,83.02,1311,0
61.8,2.4,30.1,9.37,1549,71.56,7109,1
31.3,0.57,30.01,9.51,1595,65.74,570,0
51.9,2.32,8.65,9.14,1500,46.77,5866,0
37.12,0.29,21.54,9.76,1517,55.48,3012,0
51.35,2.42,27.28,6.19,1532,60.9,3175,0
37.52,2.02,11.89,6.86,1671,94.05,4877,0
45.12,1.95,14.34,8.63,1621,68.04,2439,0
64.11,0.24,28.27,8.16,1575,81.28,1782,0
41.57,0.13,32.01,5.43,1609,72.25,7172,0
74.86,2.29,24.73,8.8,1528,69.52,3945,1
57.02,1.58,13.5,9.46,1692,56.47,5039,0
60.33,2.26,29.78,6.06,1545,44.11,3172,1
44.79,1.72,14.27,5.69,1562,60.88,1240,0
37.73,0.47,16.5,6.22,1569,90.34,1966,0
36.47,1.01,15.07,5.53,1631,83.7,6386,0
69.11,0.72,21.84,5.8,1547,53.12,8748,0
47.79,2.15,20.25,6.07,1631,62.07,1481,0
66.33,2.47,17.09,5.56,1619,68.31,3965,0
56.95,0.64,33.11,8.18,1673,39.41,3296,0
37.46,2.05,28.79,9.69,1768,58.48,8446,1
71.16,0.31,14.3,8.13,1674,39.55,4581,0
59.24,0.2,10.27,7.24,1469,78.67,7784,0
56.3,1.46,27.07,6.97,1734,99.9,195,1
63.76,1.41,10.06,9.67,1543,61.75,2609,0
32.95,1.51,34.45,8.94,1717,51.34,8352,1
37.91,1.69,25.72,7.39,1491,67.37,6028,0
63.2,1.06,31.01,9.05,1635,79.96,2338,0
45.85,1.89,21.12,8.93,1480,61.02,1166,0
63.11,1.42,30.08,8.43,1760,83.27,7601,1
49.49,1.45,32.5,5.1,1656,44.49,575,0
39.63,1.7,19.32,9.07,1744,57.1,3106,0
67.73,0.92,32.95,6.8,1685,84.84,7234,1
31.55,1.08,15.6,6.92,1470,88.79,4664,0
74.46,1.1,22.58,6.11,1467,91.93,3195,0
73.36,0.29,29.98,5.92,1723,58.44,7779,1
72.2,1.24,21.66,8.61,1621,55.85,4820,0
33.49,0.5,34.86,7.0,1785,97.27,7602,1
45.7,2.49,31.11,6.46,1501,69.78,4845,0
35.82,0.2,17.91,5.35,1736,61.23,4550,0
38.16,0.41,20.46,5.24,1470,48.83,7517,0
52.03,1.91,23.77,8.03,1617,80.38,7271,0
56.85,1.32,16.83,7.39,1697,49.17,5936,0
38.32,0.36,23.3,6.81,1753,40.81,6313,0
33.14,2.29,20.63,6.16,1637,35.34,5623,0
47.17,0.27,15.62,8.92,1644,73.33,4529,0
31.07,2.43,31.62,9.13,1549,42.8,4340,0
50.6,1.74,13.69,6.52,1720,67.9,4620,0
42.27,0.13,31.01,9.71,1717,56.04,8467,0
63.86,1.97,30.29,5.47,1780,42.91,3729,1
72.85,1.93,24.36,7.69,1781,73.88,6923,1
46.89,2.36,33.74,7.15,1463,46.78,8126,1
59.27,1.79,30.89,5.65,1743,52.62,2971,1
65.34,0.34,16.34,5.86,1464,50.44,6473,0
36.84,1.86,17.95,9.97,1748,81.52,8319,0
42.86,0.71,30.41,9.31,1689,83.06,7241,1
34.88,2.25,14.64,5.7,1614,74.5,6065,0
37.73,0.72,19.16,7.9,1516,93.64,2291,0
49.51,0.86,23.6,8.77,1670,97.47,3357,0
50.78,1.19,23.57,9.65,1683,84.08,7215,0
65.74,2.2,18.52,6.32,1555,53.27,4634,0
38.89,1.37,18.19,6.57,1467,42.95,700,0
64.12,0.56,8.71,8.95,1748,53.61,3210,0
59.63,2.13,20.22,9.02,1695,41.57,8672,1
38.2,1.51,25.8,5.84,1534,82.19,8296,1
31.49,2.49,24.38,5.25,1795,51.54,2798,0
35.05,0.84,31.57,8.17,1585,86.04,2797,0
31.78,0.84,21.42,8.54,1516,48.06,8000,0
52.75,0.11,15.3,7.65,1774,65.03,8540,0
51.73,1.21,16.83,7.23,1796,87.24,8083,0
35.64,0.33,28.48,5.41,1799,99.25,6071,0
60.66,0.45,14.21,6.81,1692,85.19,5864,0
65.4,1.09,34.08,7.06,1590,99.59,5961,1
71.23,1.77,11.78,5.77,1724,88.58,2878,1
31.54,0.75,19.65,9.33,1543,38.2,6972,0
36.01,0.41,34.42,5.32,1645,73.44,4161,0
36.47,1.55,31.03,6.32,1551,65.96,5269,0
69.37,2.27,33.06,8.79,1762,44.2,937,1
46.69,2.16,34.48,5.44,1482,49.37,7190,1
73.92,1.59,29.18,6.94,1460,77.62,7576,1
58.9,0.54,30.04,8.86,1594,82.88,7657,1
45.72,2.27,10.33,6.95,1482,63.81,7672,0
52.29,0.31,25.27,8.13,1586,97.74,6188,0
34.71,1.07,31.61,6.47,1659,80.84,1545,0
42.33,1.15,23.99,8.69,1553,63.17,5124,0
74.78,2.48,18.66,8.19,1784,46.2,6594,1
71.09,0.41,12.95,6.5,1677,49.74,3823,0
59.25,2.38,12.36,8.9,1485,68.5,5684,0
69.72,0.29,17.42,9.79,1720,50.98,7089,0
39.65,0.27,23.54,7.53,1454,73.38,630,0
52.87,0.36,29.59,7.0,1633,89.02,1278,0
40.57,0.66,16.96,8.67,1532,47.89,8451,0
38.08,2.47,17.16,8.28,1723,58.42,3854,0
68.36,1.95,27.08,9.63,1635,96.36,4768,1
32.07,0.67,11.69,7.55,1644,61.72,1924,0
59.66,0.38,18.67,9.78,1522,68.41,192,0
65.62,0.91,24.02,9.42,1687,86.22,7638,1
33.32,1.28,17.72,8.73,1798,40.54,5490,0
30.63,0.86,34.59,5.37,1621,40.28,7758,0
55.65,0.32,8.37,7.33,1723,71.3,5109,0
36.73,1.71,32.83,7.92,1746,63.88,8511,1
57.0,2.2,13.52,5.13,1454,35.95,7668,0
73.81,1.83,9.59,6.42,1563,89.92,1720,1
38.9,1.45,13.36,9.84,1592,41.44,492,0
52.63,0.22,24.87,5.9,1505,39.52,4268,0
46.7,1.46,21.78,7.92,1770,83.89,3938,0
42.54,1.16,28.23,9.05,1566,72.07,2494,0
41.17,0.51,17.86,7.51,1538,71.4,1421,0
50.77,1.41,20.38,5.34,1786,86.33,1644,0
58.75,1.36,18.37,6.39,1584,73.59,6692,1
47.52,2.19,29.9,7.08,1541,59.66,5840,0
58.53,2.47,12.62,5.06,1548,36.65,6677,1
64.86,0.68,32.06,7.67,1748,62.1,394,0
36.41,0.86,17.52,7.88,1736,58.14,1299,0
63.75,0.94,24.39,6.96,1765,48.0,5651,0
30.26,0.72,10.28,5.62,1577,67.39,8235,0
60.09,1.24,22.53,8.4,1490,53.88,3022,0
46.09,2.15,16.07,7.49,1661,44.78,608,0
41.46,0.12,15.11,8.02,1634,82.86,1373,0
57.15,0.97,11.7,9.62,1508,59.19,4330,0
30.48,0.41,22.07,6.16,1775,74.34,5948,0
42.76,0.22,20.77,7.53,1789,41.96,6590,0
38.84,0.4,11.59,9.91,1796,45.36,5191,0
31.09,0.44,8.35,6.84,1732,39.06,2830,0
30.44,1.81,21.06,8.73,1610,66.5,4265,0
65.58,0.26,30.33,9.04,1653,67.16,639,0
44.02,1.75,30.71,9.31,1797,89.79,5710,1
66.81,0.28,32.06,5.81,1671,96.75,8655,1
57.18,0.14,15.4,9.2,1570,94.14,2229,0
64.93,2.21,32.77,7.9,1590,56.84,3543,1
44.88,2.4,29.77,9.75,1606,61.18,4829,0
43.5,0.31,19.49,8.72,1665,51.0,8978,0
61.37,2.46,33.85,5.89,1705,67.23,2377,1
51.87,0.31,34.98,5.62,1654,38.57,1725,0
50.69,1.48,24.6,9.61,1680,86.17,6738,1
32.61,1.03,32.23,6.86,1583,91.83,5375,0
61.29,1.24,27.54,7.19,1509,49.46,1131,0
31.1,1.57,33.4,8.11,1589,69.7,7058,1
37.74,1.43,29.39,7.08,1511,36.98,8788,1
37.82,1.04,27.08,7.31,1689,56.81,3280,0
62.36,0.4,19.62,8.25,1766,73.37,4816,0
35.86,0.92,26.59,7.37,1551,47.39,5662,0
31.62,1.02,11.35,6.55,1458,89.71,7250,0
36.05,1.85,23.54,9.45,1634,63.46,5979,0
55.11,2.19,29.29,6.76,1784,83.2,974,1
54.82,2.39,28.86,5.1,1600,82.96,6125,1
65.33,0.16,16.3,7.0,1782,78.96,458,0
30.5,0.32,22.28,5.12,1579,91.92,5703,0
48.65,1.9,22.38,5.72,1659,68.59,6411,0
31.02,0.33,22.7,5.37,1556,79.77,1306,0
51.96,2.15,18.17,5.22,1534,58.13,2359,0
67.73,2.35,30.99,8.3,1522,93.06,8612,1
72.01,0.58,25.91,6.92,1551,39.01,6373,0
52.19,0.2,30.25,9.71,1791,79.2,490,0
68.7,2.44,28.64,9.11,1706,69.28,7719,1
36.44,1.71,28.82,8.61,1468,53.43,7213,1
56.38,1.37,28.76,6.22,1606,50.53,197,0
49.12,1.0,19.25,8.77,1580,52.53,752,0
66.0,1.81,27.71,6.48,1460,52.48,8542,1
34.05,0.86,8.5,8.77,1564,85.34,8779,0
71.91,1.29,26.2,7.83,1670,53.89,3080,0
38.81,2.23,24.44,7.05,1460,58.75,4470,0
36.15,0.19,10.02,6.6,1553,52.26,1341,0
39.45,2.15,33.16,9.15,1548,73.53,1599,0
53.06,1.28,21.09,9.17,1543,53.4,4417,0
74.93,1.66,20.92,5.37,1606,57.41,2547,0
43.46,1.17,30.5,5.56,1694,38.77,8129,0
52.61,0.77,8.7,6.93,1678,51.62,5088,0
51.32,0.33,13.36,5.54,1756,58.31,7073,0
46.82,0.76,21.88,8.02,1694,39.06,2118,0
31.37,2.38,26.73,9.85,1625,49.14,8665,1
72.39,1.05,25.99,9.05,1715,62.97,6491,0
41.47,2.11,15.86,7.27,1622,84.69,2452,0
33.8,1.73,18.63,5.13,1573,90.43,2968,0
33.51,1.32,16.43,5.91,1719,98.67,3356,0
72.49,0.65,23.93,9.56,1575,86.08,2013,0
45.26,1.75,11.62,5.87,1773,44.94,8018,0
32.1,2.35,27.68,7.2,1767,39.58,6590,1
66.85,0.14,33.24,8.51,1536,71.92,4552,0
50.76,1.71,32.21,8.09,1471,57.36,8033,1
63.7,0.19,13.55,9.13,1576,60.89,8512,0
65.84,1.9,23.24,8.5,1529,57.27,1375,0
73.26,1.0,9.86,5.66,1577,94.86,5196,0
49.3,0.53,13.56,8.52,1745,72.06,3007,0
43.47,2.2,32.73,5.05,1526,62.24,6243,0
54.93,1.98,31.61,8.12,1461,54.43,141,0
56.61,0.7,11.88,5.97,1774,87.83,8015,0
51.76,0.67,19.04,8.94,1478,40.57,3363,0
32.18,1.47,23.24,8.22,1664,37.81,1269,0
74.82,1.32,33.68,9.64,1739,88.27,1697,1
57.85,1.44,14.71,6.69,1722,93.0,7258,1
68.84,0.25,13.44,9.41,1495,96.5,4923,0
71.01,1.78,31.55,6.87,1659,49.24,8197,1
51.63,0.8,23.88,9.59,1778,80.47,5541,0
51.1,0.15,32.06,7.69,1524,38.89,3309,0
68.74,2.02,20.31,9.84,1510,75.99,1646,0
71.41,0.71,14.89,9.64,1572,96.11,4669,0
69.38,1.59,29.8,6.1,1751,79.57,2714,1
50.77,0.17,26.7,5.06,1759,76.65,1371,0
43.41,1.46,23.79,5.92,1546,77.94,8852,0
65.54,0.71,19.88,8.08,1557,81.8,505,0
58.06,1.31,11.92,7.96,1575,89.87,7362,1
60.21,0.74,25.99,8.09,1774,79.81,4204,0
52.52,0.76,17.62,5.04,1712,42.78,7608,0
35.47,0.77,26.15,5.91,1646,42.03,7960,0
72.15,2.42,13.55,9.54,1706,65.73,4615,0
55.79,0.84,14.36,9.8,1750,73.86,5380,0
44.01,2.46,30.67,6.68,1651,75.82,2920,0
46.91,1.39,16.36,6.45,1693,50.54,853,0
55.65,1.03,25.11,7.18,1634,56.4,4566,0
52.4,2.1,10.84,6.17,1609,75.56,5694,0
51.92,1.23,15.08,7.44,1515,72.33,4247,0
55.8,1.23,22.91,5.91,1467,36.68,7523,0
69.07,0.25,26.75,6.69,1495,53.85,2847,0
33.79,1.8,21.77,8.4,1742,47.04,4894,0
61.23,0.95,27.32,8.4,1657,66.31,5994,0
40.57,0.96,25.25,8.45,1575,99.85,2056,0
63.02,0.14,22.66,9.83,1739,52.46,4250,0
59.86,0.73,25.94,5.68,1603,62.31,6129,0
47.52,0.3,26.8,7.8,1589,59.56,2637,0
56.24,1.75,34.17,9.62,1561,70.44,2041,0
40.95,0.69,26.49,7.08,1709,49.64,199,0
42.15,1.65,33.77,8.9,1709,98.52,8247,1
41.15,1.87,29.08,8.07,1772,68.61,4141,0
45.19,1.99,22.08,9.98,1635,64.5,5886,0
68.59,2.14,25.62,5.34,1677,45.65,4360,1
55.87,1.48,13.62,5.37,1618,71.66,4841,0
47.98,1.08,24.37,9.15,1700,81.81,4829,0
37.36,1.76,14.71,8.03,1781,43.04,6413,0
57.56,0.8,33.34,7.88,1680,77.39,5433,0
45.42,2.07,12.43,8.02,1777,89.66,2239,0
30.31,2.34,17.41,5.19,1701,37.92,4636,0
38.32,0.93,32.28,9.43,1619,51.57,3046,0
65.99,0.99,33.43,8.0,1468,88.87,5104,1
38.63,0.87,28.37,7.24,1721,90.91,7475,1
35.95,2.12,11.19,8.93,1723,43.25,7858,0
39.37,0.39,23.07,9.37,1480,60.99,1198,0
65.46,0.37,32.05,6.97,1756,47.88,7024,1
69.13,0.49,17.6,8.69,1782,95.24,2950,0
57.77,1.82,20.81,6.5,1480,91.95,6079,0
46.25,2.41,22.54,9.2,1476,38.15,653,0
71.41,0.98,23.85,9.45,1509,92.75,4536,0
67.32,1.84,24.26,7.53,1536,66.5,7450,1
48.06,0.3,21.34,5.45,1537,84.42,4779,0
62.56,1.61,32.27,6.19,1565,87.22,1949,1
72.99,0.64,26.2,9.58,1527,47.97,562,0
59.47,0.83,8.48,5.32,1586,88.4,5334,0
54.49,1.91,30.75,5.65,1623,66.01,157,0
60.51,0.84,26.94,7.58,1550,64.94,6859,1
60.22,0.53,34.04,6.58,1566,64.21,1544,0
33.32,1.48,32.01,5.99,1647,93.94,5748,1
60.89,0.38,19.71,5.71,1693,73.25,8539,0
53.95,0.74,18.2,7.27,1479,69.93,2603,0
40.51,0.32,8.16,9.05,1788,55.14,3070,0
39.98,0.24,29.54,9.22,1660,72.26,177,0
74.48,1.17,29.43,7.6,1478,58.56,2135,0
40.92,1.5,30.62,6.2,1704,73.17,1561,0
33.39,0.59,16.89,9.95,1493,47.24,1743,0
63.79,1.12,20.99,9.58,1523,85.06,904,0
46.28,0.18,12.91,5.88,1469,74.15,4154,0
74.57,2.19,31.84,8.02,1688,67.64,7581,1
65.92,1.65,28.87,7.81,1730,54.1,7404,1
57.95,0.38,10.58,8.34,1451,95.21,2036,0
56.65,0.36,9.91,5.82,1477,97.25,345,0
43.54,1.08,34.93,8.38,1560,45.97,2932,0
68.91,1.52,28.88,5.96,1748,51.24,7388,1
48.74,1.93,28.0,6.98,1565,40.93,1264,0
47.3,1.61,18.01,8.08,1756,49.45,1495,0
41.82,1.65,20.3,6.9,1523,53.04,8029,0
67.42,2.12,16.61,8.04,1598,79.75,5473,0
52.54,0.52,33.38,6.53,1638,60.11,4596,0
36.48,1.72,26.93,5.08,1683,54.62,7457,1
69.44,0.5,25.19,9.95,1566,79.97,7893,1
33.39,2.06,23.2,8.3,1746,49.98,2287,0
49.83,1.15,26.78,6.52,1706,91.81,5980,0
49.03,0.12,21.32,5.76,1525,36.83,5419,0
50.33,2.45,27.2,9.65,1743,90.24,7848,1
46.26,1.35,12.1,9.98,1634,36.86,7493,0
30.81,0.86,30.21,9.28,1714,42.15,3823,0
36.94,1.93,14.83,9.16,1769,53.0,6906,0
74.58,0.78,21.78,7.2,1566,92.96,4316,0
42.65,0.73,19.12,6.92,1588,62.89,8275,0
38.58,1.56,26.92,8.3,1670,58.46,523,0
59.1,1.09,34.42,9.44,1655,46.79,4934,0
50.74,1.39,9.52,6.07,1628,46.41,5699,0
57.85,2.01,20.82,8.0,1469,64.03,6130,0
54.21,2.26,33.72,6.16,1714,41.64,2243,0
53.18,0.65,26.12,6.99,1636,92.92,2377,0
46.12,0.15,28.73,5.15,1550,71.14,4941,0
37.49,1.36,11.13,8.02,1697,82.79,7517,1
72.75,0.57,13.4,9.36,1785,40.86,1375,0
74.5,1.31,16.13,8.75,1786,78.12,5159,0
66.07,1.5,30.75,9.68,1798,74.28,2022,1
39.81,2.09,18.97,8.08,1467,60.91,7730,0
35.08,1.93,29.76,8.57,1647,55.32,2756,0
66.61,2.07,20.04,7.05,1768,91.19,5294,1
70.54,2.25,33.58,5.11,1479,86.97,3070,1
52.44,0.38,31.12,7.77,1710,88.63,8208,1
53.19,1.18,32.25,8.01,1543,79.52,4907,0
70.25,0.32,15.01,9.98,1769,39.02,7070,0
47.58,1.96,9.44,9.8,1685,87.09,3607,0
71.7,1.18,24.47,9.97,1746,80.42,3408,0
67.29,1.08,19.65,5.78,1694,98.9,4541,0
54.43,0.44,28.02,5.97,1494,55.88,8075,0
37.14,0.77,29.28,8.17,1599,44.05,1314,0
38.64,0.89,16.32,9.94,1718,59.97,4765,0
31.78,1.3,24.2,9.95,1550,49.03,8635,1
38.42,1.8,32.11,9.35,1600,44.42,8027,1
70.87,2.0,17.68,9.21,1725,50.58,1951,0
50.15,0.51,20.41,5.94,1481,66.86,7085,0
37.92,1.09,8.71,6.25,1656,54.98,8563,0
68.16,1.42,12.71,8.04,1475,52.08,1389,0
33.17,0.32,32.52,7.39,1775,85.1,4293,0
38.2,2.12,17.27,5.67,1684,68.38,5424,0
50.54,0.41,14.89,6.61,1615,39.69,4220,0
43.18,0.24,33.4,6.96,1714,87.79,7614,1
47.84,2.3,15.21,6.13,1799,42.75,8420,0
32.27,0.68,15.2,5.39,1465,92.37,3469,0
37.0,0.5,10.18,7.1,1548,45.56,5857,0
52.91,2.27,29.34,9.45,1765,63.12,2073,0
41.02,1.29,29.57,7.29,1793,93.36,7274,1
73.11,1.32,23.24,9.71,1582,52.32,7892,1
31.12,0.74,9.99,5.83,1770,85.16,4973,0
71.3,1.63,25.63,6.14,1760,72.19,6175,1
35.62,1.21,10.46,9.6,1509,37.76,1923,0
40.38,2.21,12.64,5.2,1493,76.72,3561,0
72.45,1.03,25.09,5.26,1487,81.95,1803,0
40.53,0.36,24.1,6.05,1646,53.65,6918,0
68.08,1.96,18.8,5.6,1536,53.3,4918,0
40.86,1.71,13.89,5.41,1602,70.04,520,0
43.23,0.28,29.06,9.28,1547,52.74,1292,0
46.88,0.31,13.4,9.96,1771,68.74,8300,0
51.72,0.64,13.46,6.47,1615,58.68,6498,0
39.11,0.19,14.42,8.1,1766,86.32,7847,0
71.71,0.51,29.71,7.98,1728,95.75,8009,1
74.09,1.21,26.63,9.75,1551,79.5,3164,0
35.15,0.68,12.18,7.07,1460,47.89,4528,0
72.04,1.04,33.05,9.93,1605,79.24,2148,0
67.29,0.34,33.25,9.61,1546,57.0,246,0
44.7,0.18,13.08,6.36,1458,43.56,1019,0
66.5,0.85,10.08,6.89,1480,53.39,6172,0
44.9,0.54,13.14,8.44,1487,76.52,4871,0
56.45,0.82,29.02,7.36,1486,79.51,6844,0
64.25,0.41,19.02,5.91,1765,64.06,1678,0
44.4,2.43,27.9,7.39,1707,76.08,6396,0
66.13,0.32,15.13,5.71,1718,50.91,8054,0
46.27,1.89,33.72,6.44,1614,70.21,885,0
42.57,1.53,30.51,6.9,1505,81.27,1700,0
48.31,0.95,28.77,8.06,1560,62.42,4250,0
42.24,0.56,12.92,7.51,1548,88.45,7157,0
60.81,2.0,8.35,8.21,1694,53.84,8135,1
56.99,1.33,10.19,6.05,1664,59.96,7847,0
43.0,1.6,27.02,6.43,1601,66.33,1117,0
74.69,0.63,30.24,8.72,1593,36.95,4938,0
65.74,1.29,21.78,9.14,1654,94.94,217,0
57.5,0.27,16.09,9.49,1631,95.39,5191,0
54.07,0.33,17.27,5.68,1768,52.36,3225,0
72.54,1.04,30.31,6.76,1557,79.26,4482,0
46.01,2.19,25.39,9.65,1733,56.87,6407,0
50.79,0.97,33.13,6.21,1691,35.43,389,0
53.59,1.03,29.78,6.87,1791,84.32,3324,0
40.9,2.31,11.97,5.44,1730,91.48,7931,1
61.02,1.48,28.77,7.12,1725,89.56,315,1
67.48,2.44,34.22,9.48,1745,89.48,281,1
66.9,0.23,15.0,8.72,1468,56.03,6814,0
64.89,0.21,11.57,6.74,1689,37.89,2236,0
46.5,2.24,32.14,8.53,1733,41.23,2979,0
43.61,2.3,22.21,7.96,1541,54.57,732,0
31.22,1.8,23.53,7.06,1535,55.82,6355,0
61.6,1.68,23.71,5.24,1617,37.18,6289,0
38.13,2.21,23.81,9.15,1595,46.6,4026,0
69.43,1.93,26.05,6.1,1463,66.94,5500,1
70.4,1.06,16.94,9.05,1650,35.7,8654,0
54.03,1.56,30.42,5.66,1777,51.49,390,0
43.62,2.06,24.61,6.24,1720,89.63,3251,1
70.07,1.12,33.77,6.13,1499,87.45,2765,1
64.43,1.09,29.9,9.74,1725,80.24,2037,0
38.91,1.82,11.66,9.48,1486,37.7,6055,0
36.38,2.3,24.59,5.21,1548,55.99,1031,0
49.76,0.29,15.29,6.83,1743,63.25,2837,0
67.03,1.05,33.23,8.91,1695,63.99,4998,0
44.62,1.38,14.07,7.28,1672,63.61,7666,0
51.72,2.21,33.99,8.17,1726,35.35,6495,0
38.17,1.44,22.82,7.45,1532,40.48,6617,0
49.94,2.41,11.44,6.6,1638,75.49,3353,0
45.33,0.43,16.27,9.8,1593,46.03,2813,0
54.54,2.12,15.84,6.82,1541,46.55,5040,0
45.97,2.43,32.86,6.48,1538,93.84,5739,1
58.77,1.56,13.28,6.03,1728,67.25,2002,0
43.1,2.22,25.29,6.11,1477,50.95,499,0
48.95,0.74,28.13,5.24,1754,77.54,8276,0
41.59,2.44,11.62,9.42,1682,96.33,2900,0
73.28,0.12,34.57,5.8,1600,80.55,3898,0
65.38,2.17,22.53,8.99,1606,96.72,5877,1
51.25,2.39,27.01,7.75,1732,88.62,8456,1
32.84,1.16,27.72,9.76,1778,76.33,5740,0
59.72,0.18,29.83,5.1,1455,85.15,6188,1
35.53,0.16,34.13,7.83,1774,70.77,4564,0
39.06,1.62,34.2,9.31,1484,88.88,6043,1
67.69,2.26,10.25,8.11,1517,43.31,5361,0
72.28,0.46,10.14,7.58,1683,82.42,4615,0
41.11,0.77,26.99,7.72,1694,76.64,501,0
62.54,2.43,28.27,7.95,1513,99.72,1130,1
52.68,0.33,22.98,7.37,1760,84.55,5671,0
41.95,0.59,25.37,6.16,1468,95.32,8862,1
70.1,0.64,23.08,6.42,1594,46.93,8539,0
67.85,1.09,16.65,5.45,1543,81.6,5835,0
57.9,0.43,16.22,9.0,1510,58.76,5704,0
60.32,2.04,10.75,5.77,1604,52.3,8417,1
45.67,0.69,28.13,5.1,1532,99.4,3039,0
50.18,1.39,16.53,8.74,1548,92.2,158,0
72.03,1.78,25.63,5.71,1501,72.35,3463,1
67.57,2.1,8.61,5.39,1781,69.78,7393,1
56.45,2.37,29.72,8.47,1580,77.49,5037,0
62.62,2.14,18.27,7.01,1671,48.88,4788,0
68.13,0.24,26.07,6.25,1450,69.55,7107,1
56.4,0.21,11.03,8.71,1529,36.71,2961,0
46.34,2.27,8.59,8.58,1516,51.17,3305,0
56.99,0.44,18.26,6.49,1493,52.49,3350,0
42.47,0.15,9.26,5.95,1619,87.47,1003,0
41.27,2.13,31.5,5.35,1743,85.82,2546,1
37.36,2.37,10.4,6.75,1508,50.53,4297,0
42.26,0.47,29.85,7.78,1657,94.67,6894,1
63.54,2.34,28.5,5.4,1713,49.13,8890,1
52.04,1.57,15.26,7.37,1682,81.35,3032,0
32.38,0.58,10.58,5.81,1670,95.8,2314,0
46.74,0.19,15.92,8.85,1694,91.59,5425,0
58.65,1.09,16.67,7.78,1673,59.91,6652,0
44.13,2.08,21.43,9.76,1796,46.24,152,0
34.55,1.15,19.73,7.9,1706,43.58,3614,0
42.71,1.43,18.69,7.94,1685,40.44,2663,0
54.6,1.62,26.77,6.01,1722,73.79,5605,0
34.42,2.26,34.48,8.04,1585,93.51,3625,1
65.73,2.14,19.97,5.18,1498,99.18,5499,1
64.58,2.13,8.93,6.73,1792,78.97,6240,0
32.77,1.22,9.57,8.31,1777,84.71,321,0
70.66,1.61,33.64,8.09,1565,95.78,2556,1
44.79,0.42,28.0,5.47,1665,71.63,5541,0
62.33,0.42,17.51,5.49,1676,96.15,3188,0
48.77,1.59,25.42,9.59,1793,59.22,7318,1
61.4,1.49,14.08,7.6,1681,92.98,390,1
57.63,1.98,9.91,8.47,1703,75.06,8202,0
32.09,1.87,15.2,7.81,1800,85.23,4922,0
53.62,1.39,15.52,8.12,1613,97.32,7539,1
74.14,1.17,19.86,5.48,1563,88.58,5370,0
61.45,0.53,10.02,8.9,1532,90.03,7805,1
61.12,0.75,32.53,9.3,1552,72.08,1712,0
32.18,0.59,10.83,9.44,1794,41.67,1208,0
30.31,0.38,20.7,5.02,1603,68.69,7301,0
55.89,1.14,34.08,7.59,1550,76.69,8017,0
42.29,0.79,23.66,7.81,1516,42.23,8558,0
69.45,0.14,11.13,6.47,1785,80.76,317,0
59.62,0.23,25.82,6.97,1655,68.99,2559,0
42.86,0.12,14.37,9.08,1767,79.79,2395,0
66.6,0.38,23.28,7.57,1603,95.89,3607,0
34.72,2.22,18.84,5.41,1494,63.85,8679,0
62.64,1.55,11.66,8.65,1616,75.04,3666,0
64.6,2.01,20.87,8.14,1540,63.55,769,0
62.85,0.92,18.76,8.1,1456,68.26,2635,0
31.98,0.75,33.19,8.88,1653,75.7,7754,0
70.52,0.34,26.38,5.26,1762,82.32,919,1
56.75,1.29,11.01,7.83,1686,51.66,6488,0
32.29,1.25,9.62,5.44,1681,91.92,6531,0
56.65,1.29,19.78,8.97,1482,62.96,8524,0
54.06,1.64,18.63,5.71,1492,51.0,3925,0
59.95,0.5,12.87,9.27,1499,65.63,5928,0
41.8,2.37,34.77,5.69,1744,75.07,728,0
39.58,1.72,34.42,7.37,1687,44.37,6994,1
45.61,1.56,23.72,7.96,1465,93.09,8896,1
57.76,1.69,11.73,9.63,1474,79.86,776,0
38.22,0.81,11.75,5.76,1652,55.7,7287,0
33.31,2.2,9.27,7.8,1726,60.81,857,0
33.83,1.1,32.38,9.68,1470,91.85,6808,1
58.99,1.4,32.63,8.41,1577,71.15,4527,1
52.3,1.72,22.16,5.48,1738,93.46,5944,0
45.44,1.51,22.31,6.33,1508,82.04,5634,0
71.88,0.94,34.77,6.11,1563,78.28,6073,0
35.23,0.59,18.05,7.78,1501,65.19,7363,0
70.13,0.87,30.37,7.72,1800,57.58,1424,0
36.75,1.27,8.67,9.4,1776,56.61,2590,0
68.47,2.01,12.75,9.54,1602,89.36,4615,1
34.2,0.16,13.03,9.8,1552,61.44,3916,0
47.07,1.33,30.32,9.52,1561,79.95,1179,0
33.31,2.44,17.59,10.0,1757,84.29,6273,0
74.16,1.72,21.34,8.51,1491,99.58,3316,1
54.25,0.53,33.96,9.57,1799,69.62,219,0
54.87,1.0,27.76,9.36,1584,74.44,5470,0
32.11,0.76,18.98,7.08,1564,87.2,2028,0
60.74,1.64,10.4,5.2,1677,49.4,7592,1
65.93,2.37,8.26,7.37,1519,44.58,1364,0
50.94,2.25,15.46,5.81,1722,48.19,4329,0
36.22,1.44,30.15,7.5,1599,94.64,3680,1
57.15,0.8,30.61,7.88,1624,94.49,7361,1
64.76,1.62,20.51,9.86,1590,75.72,8815,1
39.89,0.41,20.69,8.48,1731,79.63,2643,0
63.96,1.33,15.92,5.09,1606,47.26,8724,1
74.44,1.12,10.7,7.89,1636,99.92,247,0
42.77,1.65,33.83,9.45,1654,64.4,8392,1
45.56,1.79,13.67,6.78,1526,45.71,5711,0
54.14,1.95,24.52,7.36,1611,46.5,3183,0
61.11,1.68,26.56,7.65,1664,49.42,1752,1
38.11,0.37,9.73,6.59,1718,51.8,7563,0
41.45,0.64,14.32,6.73,1461,40.26,5971,0
66.54,0.75,10.43,5.64,1786,50.65,7251,0
32.71,2.15,28.17,7.21,1599,82.31,8787,1
74.9,1.32,32.87,9.41,1724,87.01,4640,1
30.9,0.88,20.18,6.31,1512,93.0,4453,0
43.42,2.27,29.62,6.95,1497,62.22,1861,0
58.55,1.6,25.74,9.56,1510,55.76,8236,1
58.41,0.65,17.86,6.4,1713,52.42,4203,0
32.76,2.0,10.28,8.75,1533,40.03,7953,0
61.51,1.34,16.35,8.38,1752,80.83,5591,0
52.32,1.99,27.53,6.89,1556,38.64,7116,1
43.4,0.17,30.49,5.74,1728,73.39,5206,0
62.45,0.26,10.0,5.11,1748,83.1,1928,0
44.71,0.91,8.74,8.9,1512,41.25,8633,0
50.23,1.47,13.39,8.84,1734,76.95,8746,0
54.96,1.69,8.41,8.62,1574,38.45,6888,0
74.49,1.76,19.79,5.32,1775,49.78,6011,0
74.33,0.72,33.65,5.92,1636,96.27,8728,1
41.5,2.29,14.09,5.29,1525,69.45,1267,0
50.62,1.04,14.61,9.74,1672,47.78,8557,0
44.83,0.43,15.88,9.28,1576,42.88,4049,0
63.46,1.67,33.06,8.97,1757,45.98,4745,1
57.11,1.43,16.78,9.0,1477,70.7,1744,0
50.51,0.36,15.22,9.84,1592,68.67,7002,0
58.97,2.11,17.38,9.73,1711,95.24,1209,1
72.74,1.28,19.92,6.3,1470,73.5,2093,0
45.2,0.66,20.16,9.77,1586,62.19,8467,0
61.35,1.37,9.47,5.71,1714,55.69,1343,0
45.15,2.32,17.23,6.96,1561,75.43,614,0
59.06,2.21,28.31,8.08,1518,36.64,6834,1
52.51,2.11,14.3,8.26,1565,78.77,5241,0
53.68,2.31,25.67,8.62,1716,48.78,911,0
56.52,2.38,32.16,9.59,1567,40.77,2169,0
66.08,1.92,26.71,7.21,1698,69.22,553,1
53.41,1.04,16.1,5.47,1599,64.24,7189,0
57.01,0.74,31.94,6.82,1702,90.41,3409,0
30.08,1.66,16.43,5.77,1497,66.2,3711,0
51.68,1.54,25.53,5.92,1700,42.32,8373,1
57.49,0.73,19.67,6.09,1535,95.65,2311,0
70.24,0.49,14.52,8.6,1741,41.12,227,0
54.11,1.14,14.62,6.99,1653,51.37,8746,0
45.11,1.75,34.33,9.84,1463,54.92,2134,0
44.95,2.27,30.01,6.31,1657,60.66,673,0
49.96,1.28,8.59,8.97,1758,58.17,6906,0
42.0,1.69,14.52,9.17,1594,71.43,2807,0
46.84,1.32,16.68,5.05,1526,92.33,2915,0
43.68,0.82,14.78,6.07,1652,54.98,3258,0
57.28,1.38,9.71,8.21,1473,50.4,5500,0
51.38,0.59,26.79,5.98,1497,41.9,1156,0
50.99,2.43,17.99,6.65,1581,47.42,7297,0
47.6,1.43,19.02,9.76,1518,82.86,2276,0
61.39,1.08,22.49,6.8,1691,63.32,5913,0
41.38,2.24,29.17,9.38,1694,36.24,5724,0
64.99,1.83,9.26,7.14,1752,41.91,2333,0
37.47,1.0,21.16,5.79,1499,75.97,470,0
32.61,1.77,18.88,5.14,1582,58.68,4355,0
62.93,0.22,34.77,8.97,1662,58.02,2692,0
46.88,0.43,17.29,9.46,1648,65.0,8975,0
70.98,0.74,28.51,9.28,1782,98.38,3188,1
59.8,0.49,20.56,5.32,1770,83.24,5383,0
44.82,1.38,20.28,6.64,1769,49.47,8836,0
34.13,1.77,9.6,7.74,1598,89.88,3676,0
40.52,0.73,11.24,7.8,1493,75.25,1190,0
67.77,0.22,32.65,8.38,1556,42.18,6174,0
57.78,1.35,33.02,9.25,1746,45.62,8951,1
30.35,1.82,29.37,6.83,1569,55.83,4386,0
48.77,1.29,9.15,6.67,1480,79.14,7808,0
53.26,1.97,13.62,9.09,1666,99.9,4511,0
41.22,1.92,8.79,6.43,1725,60.41,6966,0
37.22,2.06,13.7,6.63,1798,68.01,461,0
62.63,0.76,23.8,6.75,1665,85.15,8069,1
71.11,1.53,16.09,8.16,1763,88.09,377,1
47.84,2.26,24.2,7.93,1547,89.58,1915,1
57.31,0.65,22.57,9.64,1662,79.3,8925,0
51.5,0.91,22.24,7.48,1790,66.49,196,0
59.62,0.71,34.18,8.87,1788,40.52,7537,1
53.54,1.73,8.48,5.32,1530,54.31,4795,0
64.04,1.05,23.12,5.27,1764,99.06,1574,0
67.09,2.42,8.03,8.52,1521,45.45,6366,0
33.86,2.4,12.52,5.13,1592,51.73,2859,0
44.15,0.85,8.23,9.59,1583,64.25,3814,0
65.45,2.37,30.08,9.17,1693,70.61,4978,1
58.37,1.51,32.26,7.19,1731,54.69,4496,1
73.3,1.46,27.95,8.68,1794,82.47,4770,1
72.67,1.13,27.8,6.01,1511,64.81,3950,0
42.1,1.05,19.5,5.23,1543,51.21,5058,0
44.02,1.7,32.97,6.53,1626,69.08,6498,0
57.0,2.21,8.89,7.64,1506,56.3,7636,0
52.61,1.48,32.15,9.07,1541,37.68,130,0
56.16,1.55,33.15,9.57,1705,52.36,6671,1
37.29,1.43,14.25,6.76,1473,65.62,734,0
39.73,1.4,15.44,7.6,1755,76.63,5493,0
61.33,1.92,10.1,6.23,1501,50.11,4311,0
41.34,1.66,11.68,7.08,1716,51.95,7978,0
62.17,1.95,34.87,9.53,1666,92.25,5574,1
36.15,0.53,23.84,8.6,1682,75.87,530,0
70.83,1.35,31.96,5.61,1546,92.17,7404,1
40.25,1.38,10.26,9.58,1513,93.95,7354,1
70.43,1.92,21.43,9.56,1454,46.86,3018,0
61.14,1.21,26.57,9.3,1607,51.82,6104,0
37.31,0.46,33.33,5.94,1639,68.48,7132,0
65.39,0.87,8.43,5.12,1520,67.45,6675,0
50.0,0.8,13.96,9.8,1626,54.62,5065,0
58.25,1.68,9.14,6.34,1464,40.28,7216,1
30.18,0.16,33.84,7.46,1536,46.14,2676,0
65.75,0.54,23.08,9.07,1659,58.35,6652,0
44.78,0.92,24.18,8.87,1799,67.04,1066,0
62.1,0.72,29.42,9.49,1588,63.3,7417,1
34.84,2.46,20.46,5.2,1564,66.51,4362,0
41.27,2.3,30.13,7.71,1476,57.4,1098,0
42.26,2.18,19.87,8.99,1739,91.96,601,0
40.95,0.53,19.02,6.46,1623,95.24,2544,0
60.23,2.42,28.47,5.59,1545,47.29,3656,1
74.73,0.83,17.77,6.11,1456,63.69,3814,0
57.37,2.5,34.51,9.61,1695,91.66,2729,1
61.58,1.11,12.66,5.85,1715,79.05,992,0
37.5,1.01,15.37,8.35,1518,62.48,4688,0
52.18,0.18,32.45,9.51,1525,60.62,6522,0
39.67,0.13,9.29,6.49,1560,92.77,2414,0
50.28,1.75,23.06,8.04,1687,37.49,8857,0
50.85,0.24,13.42,8.2,1753,38.52,5501,0
44.93,2.14,16.12,6.73,1571,37.73,6917,0
35.35,0.31,15.04,5.91,1746,53.19,6422,0
51.08,0.48,16.42,5.81,1625,96.55,1234,0
36.8,1.21,17.05,7.81,1690,82.01,2939,0
65.18,0.25,23.19,6.92,1743,59.59,3258,0
31.46,1.67,24.88,6.53,1640,64.84,1949,0
67.67,1.57,20.32,9.04,1473,77.02,5003,0
74.39,1.06,23.46,5.0,1511,85.58,1631,0
50.79,0.3,27.51,7.27,1500,94.01,2486,0
36.34,1.71,23.78,6.32,1604,65.98,4567,0
43.2,0.5,20.0,6.79,1747,99.17,238,0
50.32,0.37,22.01,7.69,1708,45.72,7464,0
74.96,2.08,16.25,7.22,1751,42.55,5051,0
64.98,1.7,30.93,6.54,1487,57.72,5619,1
58.79,0.13,8.46,7.95,1526,85.79,1585,0
42.05,2.23,25.42,8.49,1698,84.3,3378,1
45.5,1.24,14.03,5.78,1745,54.5,4234,0
44.31,1.35,17.52,8.21,1764,84.14,3642,0
56.1,0.18,21.59,7.11,1739,76.91,2765,0
36.5,0.51,34.65,6.8,1730,98.76,1962,0
72.87,2.04,29.69,8.82,1464,98.9,1033,1
55.71,1.61,11.16,9.3,1800,84.24,154,0
71.84,2.49,28.47,8.21,1510,62.74,2422,1
47.8,1.29,12.1,8.15,1776,56.46,4130,0
60.59,1.77,12.4,5.18,1665,88.8,1714,1
71.23,1.27,30.69,9.15,1651,94.93,3336,1
68.67,2.11,31.33,9.58,1580,41.1,6325,1
43.86,0.62,16.48,5.89,1455,93.38,5857,0
31.45,1.64,12.29,6.33,1659,58.82,376,0
49.49,0.2,22.11,6.72,1756,73.84,3074,0
54.74,2.47,21.82,6.55,1612,82.17,2264,0
50.09,1.69,31.71,6.93,1507,45.05,4767,0
65.82,2.42,28.68,7.54,1491,40.49,5742,1
59.52,0.11,12.6,6.73,1654,90.4,6092,0
45.55,1.84,10.15,7.14,1632,99.57,8047,1
62.19,2.26,26.06,7.02,1548,74.36,3760,1
54.41,0.36,33.67,8.23,1567,71.21,2452,0
70.85,1.52,25.89,6.96,1505,91.55,3820,1
31.63,1.94,22.62,8.1,1478,76.66,3539,0
73.9,0.58,22.58,5.73,1691,96.9,530,0
42.35,0.28,15.28,9.88,1764,71.51,430,0
64.33,0.62,31.93,6.16,1506,55.62,2412,0
37.66,0.66,33.71,7.61,1487,37.73,3647,0
63.06,0.72,10.36,6.88,1503,70.97,8252,0
44.85,1.2,31.89,8.6,1694,35.85,6845,0
68.06,0.9,21.86,7.31,1532,51.53,4392,0
72.14,1.25,30.09,5.11,1704,36.73,2710,0
32.49,1.02,34.5,8.33,1771,40.75,5965,0
33.04,1.08,9.33,5.99,1731,60.68,4836,0
57.45,0.25,23.5,8.6,1560,51.78,4293,0
41.16,2.38,29.4,8.66,1761,48.77,3464,0
48.48,0.57,24.31,9.39,1613,50.66,8064,0
38.9,1.52,29.2,8.42,1670,98.45,4416,1
48.65,0.97,31.99,6.58,1776,38.06,8573,0
36.7,1.39,23.36,5.83,1738,60.89,1366,0
61.44,0.49,17.48,6.9,1653,94.68,4413,0
44.46,1.24,31.14,8.02,1570,60.9,6239,0
36.88,1.06,11.03,7.43,1614,88.69,7473,0
66.59,1.27,29.89,7.32,1794,90.6,3756,1
34.52,1.55,19.82,9.19,1747,91.85,6219,0
49.1,1.02,16.9,7.96,1690,45.44,4612,0
51.58,0.35,13.98,6.99,1791,45.32,5149,0
74.93,0.31,25.51,6.27,1732,58.71,6542,1
65.88,1.58,28.04,5.68,1713,42.89,3513,1
40.92,2.09,25.54,7.2,1756,82.02,8096,1
54.64,1.01,11.49,8.89,1618,64.22,8301,0
72.91,0.88,17.96,5.67,1792,86.99,2283,0
46.69,0.68,20.26,9.59,1506,85.14,168,0
43.86,0.61,15.81,7.86,1480,85.71,3161,0
55.19,1.47,32.85,7.14,1628,41.11,6308,0
64.05,0.34,14.92,7.3,1474,81.42,6013,0
39.29,1.34,30.2,5.14,1496,70.56,8795,1
64.16,1.63,24.12,6.43,1469,87.85,708,1
56.27,1.46,29.68,5.17,1761,72.21,7057,1
54.08,0.8,28.35,9.09,1782,61.52,5386,0
64.28,2.44,27.9,6.86,1669,36.33,5808,1
35.94,0.84,26.43,6.55,1602,50.89,101,0
54.0,1.53,17.76,7.54,1743,41.21,2571,0
56.64,1.76,29.9,6.12,1516,77.51,5440,0
61.25,1.37,15.05,5.59,1687,65.54,6658,1
34.2,1.18,21.38,7.3,1569,77.09,4670,0
49.74,0.55,9.13,8.24,1619,89.26,8156,0
31.56,2.43,21.1,7.71,1461,81.18,3704,0
48.72,2.14,29.64,8.66,1733,45.51,5560,0
43.8,0.77,22.98,6.17,1574,62.41,8152,0
58.45,1.37,12.35,6.65,1725,87.14,3496,1
61.04,1.55,25.47,5.77,1772,74.97,5504,1
39.8,1.96,24.75,6.3,1518,46.53,2131,0
56.23,1.19,11.06,7.12,1474,72.96,5091,0
56.36,0.51,21.81,7.36,1565,77.1,1848,0
74.55,1.92,13.88,5.86,1781,42.97,4817,0
55.83,1.63,25.6,5.4,1706,51.95,7499,1
48.92,1.79,19.64,6.13,1757,83.04,2547,0
56.53,0.29,33.09,9.06,1693,56.88,6606,0
70.12,1.5,28.83,5.11,1529,69.94,5418,1
31.26,2.17,29.42,8.77,1583,85.64,4406,1
47.66,1.43,28.21,5.62,1511,36.11,8566,1
36.29,0.72,20.18,8.31,1560,71.71,1854,0
56.52,2.0,29.83,6.89,1769,60.23,5878,0
36.57,1.63,20.97,8.1,1589,77.95,2798,0
36.19,2.24,29.3,6.16,1718,91.93,6837,1
65.09,1.98,30.94,8.13,1771,84.7,180,1
34.35,2.05,32.5,9.92,1767,93.51,1099,1
34.93,1.83,8.83,7.51,1538,63.33,221,0
31.47,1.89,11.32,8.52,1451,52.66,1803,0
61.44,1.92,19.85,5.58,1742,76.87,5770,0
70.06,1.29,31.2,6.22,1478,70.83,5724,0
43.72,1.11,32.82,9.71,1757,72.84,3524,0
54.03,2.11,33.6,8.92,1735,38.25,2825,0
58.04,2.33,18.69,6.73,1686,55.79,4386,0
40.76,0.88,25.89,8.48,1529,86.68,1191,0
68.74,1.68,9.71,7.51,1542,55.04,3682,0
48.92,0.34,23.9,7.46,1526,69.69,4168,0
68.35,1.2,31.09,8.21,1674,68.13,4122,0
55.53,1.21,25.19,5.29,1735,58.84,1870,0
53.41,2.17,29.37,5.89,1755,95.54,3628,1
37.19,1.54,18.81,5.72,1523,62.94,5332,0
71.95,0.64,8.8,9.3,1728,40.24,8849,0
48.97,0.14,26.51,6.72,1543,81.82,8074,0
69.99,2.49,22.11,5.81,1517,49.96,4004,0
37.0,0.4,16.53,6.22,1795,87.81,5025,0
58.61,0.5,15.79,5.72,1648,96.37,6986,1
59.23,0.95,14.65,9.87,1580,82.31,921,0
47.93,0.94,17.38,8.8,1545,98.57,1501,0
73.84,2.14,26.97,10.0,1469,58.18,3761,1
39.49,0.68,31.13,8.65,1675,76.58,7121,0
59.59,1.5,23.58,7.91,1739,72.82,7893,1
47.41,1.3,16.01,6.74,1650,71.3,6770,0
70.63,0.87,17.12,8.75,1542,93.89,6320,0
64.61,2.01,14.88,5.94,1702,69.93,7260,1
47.31,2.06,24.24,6.22,1760,80.09,458,0
49.32,2.08,28.4,7.27,1777,89.21,8293,1
70.33,0.69,8.44,9.59,1787,82.49,3638,0
42.49,0.39,32.5,7.41,1661,73.35,7576,0
63.43,2.03,17.42,5.16,1652,46.43,4474,0
60.8,1.29,13.05,8.27,1472,82.37,1726,0
31.55,1.04,29.75,8.88,1590,95.55,596,0
35.79,1.36,9.38,7.15,1472,45.68,838,0
31.89,0.71,26.01,6.5,1586,80.33,7449,0
30.65,0.23,31.13,8.79,1750,76.41,2448,0
40.82,0.52,10.73,8.76,1618,70.67,5377,0
63.11,1.6,11.0,6.91,1739,51.48,4420,0
49.63,0.13,16.22,9.02,1677,57.37,5647,0
32.8,1.69,28.36,7.64,1656,44.56,6248,0
34.74,0.87,26.11,9.92,1646,43.72,6789,0
64.62,1.23,8.81,7.99,1483,62.54,2191,0
45.15,2.24,17.9,7.04,1713,67.35,3617,0
74.74,1.83,31.62,5.39,1766,72.45,3823,1
44.89,1.71,33.11,9.26,1644,42.44,346,0
57.54,0.4,18.31,6.47,1572,85.62,344,0
60.25,1.79,21.73,9.73,1732,55.54,3145,0
41.38,2.13,22.78,8.89,1557,37.23,4326,0
55.17,0.86,13.12,6.83,1599,87.5,6365,0
36.07,1.66,26.24,5.46,1593,44.32,1920,0
58.2,2.28,27.34,7.99,1678,45.44,8146,1
59.87,0.91,18.57,7.01,1706,53.44,4419,0
48.34,1.52,34.15,8.18,1531,53.96,7872,1
34.57,2.46,34.01,8.48,1570,84.17,3874,1
45.57,0.24,9.83,7.84,1533,46.31,6765,0
35.96,1.66,28.26,6.54,1524,88.53,1978,1
65.16,1.42,29.66,5.63,1525,41.64,7707,1
56.13,0.56,10.61,8.48,1466,83.83,4230,0
46.99,2.13,19.6,9.3,1494,85.46,6640,1
67.06,0.97,8.65,6.99,1682,81.27,3485,0
54.85,2.43,23.27,5.61,1594,88.34,8292,1
54.96,1.45,14.78,8.12,1782,66.68,3416,0
56.58,1.9,12.89,5.13,1697,69.8,2493,0
48.19,0.43,26.85,8.48,1505,39.58,3755,0
34.7,0.69,9.8,6.73,1735,74.74,8031,0
67.62,2.02,31.1,8.03,1512,78.04,3196,1
35.3,1.02,16.53,7.58,1645,36.38,3311,0
35.82,1.34,14.71,6.85,1799,69.32,8042,0
48.12,1.85,33.9,9.78,1730,46.72,9000,1
59.7,1.58,20.22,6.1,1715,83.96,5166,1
58.66,0.94,21.46,5.86,1479,92.03,247,0
30.14,1.13,26.3,9.21,1776,71.98,402,0
65.8,1.22,22.0,7.94,1676,99.6,3565,0
30.96,1.97,20.09,8.0,1768,83.69,7986,1
33.87,0.63,10.5,7.82,1668,67.72,3370,0
34.35,0.61,28.72,7.48,1547,39.69,4515,0
51.02,0.21,34.32,7.74,1450,50.03,8998,0
56.36,1.08,20.43,8.62,1692,79.27,6502,0
59.61,0.36,19.81,7.01,1700,93.14,7463,1
33.14,1.63,17.19,5.13,1750,97.98,4909,0
49.62,1.31,32.02,6.89,1500,92.71,1621,1
30.15,2.38,16.1,5.13,1521,94.9,5354,0
42.87,1.49,26.73,5.18,1522,79.45,5470,0
69.74,1.26,18.47,8.34,1611,40.24,7188,0
41.36,0.27,33.86,7.35,1642,77.57,4006,0
54.14,1.34,20.94,5.29,1561,39.0,2552,0
56.87,2.0,8.14,9.57,1522,42.16,396,0
55.09,1.97,28.0,7.5,1682,93.03,5299,1
52.36,0.68,33.76,7.89,1735,56.88,3122,0
47.21,2.2,19.82,9.73,1712,49.77,5656,0
53.36,2.16,28.57,7.67,1728,90.89,5818,1
51.55,0.45,19.08,6.89,1755,66.65,5706,0
44.76,2.2,16.87,9.71,1761,35.16,7231,0
52.46,0.41,23.34,7.89,1798,46.13,4716,0
44.02,1.94,27.98,8.0,1672,73.95,7539,1
72.32,1.61,33.79,6.92,1458,83.27,8842,1
60.24,0.31,22.92,6.81,1476,67.4,469,0
73.02,1.57,26.36,7.64,1684,52.81,6749,1
69.35,0.18,26.52,9.08,1756,80.77,1925,0
68.93,2.48,19.05,8.52,1478,70.86,6857,1
57.92,1.37,29.15,9.75,1711,84.42,7548,1
51.38,0.26,27.41,9.5,1589,73.86,1442,0
59.44,1.58,34.83,8.11,1778,46.41,7601,1
52.95,2.2,27.13,7.82,1774,54.7,7154,1
66.11,2.46,19.71,9.8,1738,95.02,6527,1
36.56,1.62,16.41,6.46,1551,70.11,6781,0
32.72,1.42,10.43,9.94,1581,51.7,8129,0
67.48,1.97,17.73,9.98,1760,40.92,5002,0
38.57,2.06,12.39,5.5,1662,37.24,3392,0
65.43,0.68,29.26,6.85,1701,89.39,4873,1
46.0,2.32,18.03,9.1,1476,55.95,6065,0
34.42,2.5,31.46,8.62,1556,60.82,7687,1
55.98,1.44,20.23,7.18,1782,76.11,2509,0
62.73,1.58,22.28,5.95,1503,76.35,2177,0
60.74,2.18,18.78,8.37,1712,85.49,7336,1
36.25,0.98,19.63,9.22,1764,65.02,4065,0
39.89,1.08,27.57,6.56,1647,54.87,4861,0
36.38,1.81,23.75,9.67,1472,69.76,5302,0
70.36,1.47,11.42,8.86,1494,42.15,4246,0
71.88,2.18,24.82,9.16,1716,98.71,8588,1
63.3,0.31,15.69,8.01,1747,40.12,7655,0
38.82,0.76,12.0,7.21,1679,94.9,2139,0
33.97,0.72,27.86,9.82,1458,48.03,4605,0
55.52,0.89,27.67,7.88,1632,95.77,4873,0
45.68,1.61,19.56,5.3,1520,58.34,399,0
74.67,1.5,18.05,6.65,1632,74.96,3640,0
39.57,2.48,19.42,9.2,1454,85.99,8371,1
41.0,1.52,22.3,8.56,1579,98.12,2331,0
53.06,1.73,9.12,7.45,1731,96.68,4006,0
69.37,1.97,11.29,5.75,1694,68.5,3081,0
46.73,0.66,25.23,9.91,1607,88.01,1079,0
56.51,0.65,16.59,9.72,1700,89.61,7935,0
57.63,1.72,34.72,8.89,1479,90.75,7457,1
57.7,0.8,26.4,9.41,1730,53.4,5159,0
57.83,1.79,21.39,5.96,1521,89.72,4988,0
38.62,2.1,24.1,6.6,1697,71.61,811,0
71.45,1.43,30.65,5.81,1561,90.99,3097,1
39.22,1.7,27.96,6.95,1473,41.42,8505,1
45.53,1.05,26.59,8.42,1512,81.19,3744,0
55.54,1.53,18.72,5.02,1472,42.08,472,0
47.06,2.44,19.05,6.11,1776,72.14,4126,0
74.35,1.49,19.76,5.7,1741,79.21,2890,0
30.4,1.16,25.6,5.2,1712,75.81,3204,0
49.52,2.34,28.72,6.35,1787,67.2,824,0
41.76,1.35,21.78,5.13,1613,73.73,482,0
70.85,2.33,27.96,8.18,1562,89.39,3078,1
61.71,0.1,34.59,8.51,1688,49.99,5616,0
67.65,0.44,8.96,8.57,1739,49.8,887,0
65.98,0.15,27.18,8.23,1670,36.34,4651,0
73.9,1.82,34.04,5.54,1796,88.97,6355,1
37.67,0.51,11.16,6.32,1789,59.15,3192,0
50.85,1.75,17.07,8.64,1749,91.4,2763,0
46.06,1.55,24.55,6.0,1537,40.77,3521,0
42.88,1.69,8.06,6.2,1703,95.37,4669,0
63.63,0.83,21.01,8.34,1529,91.43,3755,0
62.27,2.1,23.56,6.18,1500,64.65,1480,0
59.37,0.6,16.72,5.42,1500,76.69,7584,0
50.82,0.15,23.51,8.96,1740,50.85,6225,0
38.7,2.31,31.0,7.69,1645,91.21,4971,1
54.22,0.52,11.39,6.56,1746,56.34,2557,0
72.08,1.79,13.2,7.44,1763,93.24,3396,1
34.59,1.9,18.25,5.29,1650,59.06,6060,0
41.78,0.65,24.03,7.29,1706,65.11,4883,0
68.92,0.64,31.57,9.56,1761,54.62,3365,0
63.82,1.91,22.67,7.55,1755,38.43,6516,1
66.05,0.12,34.91,6.18,1524,98.75,6524,1
59.77,1.42,23.98,7.58,1465,77.72,495,0
49.04,2.05,8.37,5.06,1531,91.79,5658,0
65.45,0.97,21.95,6.36,1705,95.96,8834,1
44.72,1.67,25.29,7.49,1497,60.77,7227,1
57.29,1.46,18.94,7.11,1750,98.16,5959,0
47.91,0.17,28.22,8.37,1689,72.52,1622,0
66.02,2.19,28.72,6.35,1708,67.49,2432,1
51.96,0.97,15.49,9.23,1600,82.59,4314,0
32.65,0.55,30.3,7.33,1711,92.02,3826,0
40.88,0.49,18.63,5.21,1705,50.48,8153,0
65.5,0.76,23.78,5.23,1781,74.52,2058,0
54.53,1.32,19.14,7.55,1671,44.46,8349,0
36.25,2.44,29.98,8.61,1699,55.52,3304,0
40.33,1.19,21.17,9.1,1668,85.24,1084,0
69.39,0.3,16.86,6.56,1791,47.7,7474,0
31.65,2.35,28.97,5.86,1557,58.99,5690,0
51.69,1.06,31.74,9.74,1791,58.4,4245,0
73.08,0.94,23.81,5.3,1670,49.99,3193,0
67.86,1.27,9.04,8.02,1795,61.39,7163,0
38.54,1.9,26.39,9.5,1456,42.57,3732,0
41.67,0.3,21.38,7.84,1558,51.31,8821,0
30.43,0.77,8.49,6.25,1659,66.11,5210,0
72.21,2.38,12.92,7.72,1653,52.26,7963,1
45.21,0.9,22.42,5.12,1719,48.86,1507,0
38.64,0.65,26.89,6.67,1466,99.93,2278,0
37.01,1.74,9.83,7.93,1590,46.44,4416,0
69.33,2.49,8.86,5.37,1560,57.9,5874,0
50.61,0.15,26.61,6.94,1581,40.78,6656,0
68.02,0.43,18.91,6.78,1527,86.95,5623,0
43.45,0.98,31.21,5.88,1629,98.97,8014,1
47.56,1.08,29.7,7.94,1483,70.14,2207,0
69.54,1.2,19.43,6.1,1678,38.93,7061,0
48.92,0.84,32.17,7.62,1696,46.24,5207,0
56.6,1.51,31.8,8.53,1605,45.09,484,0
66.69,1.18,15.18,8.06,1799,69.45,7334,0
57.39,1.35,28.14,7.15,1707,35.37,7417,1
50.87,0.37,23.05,7.04,1778,91.12,5354,0
62.2,0.6,17.3,8.69,1793,72.8,3644,0
33.93,0.33,12.19,7.24,1644,38.06,2194,0
31.79,0.94,23.62,8.21,1800,56.4,3345,0
67.0,1.94,16.34,7.79,1554,84.21,1312,1
74.62,0.46,30.11,6.81,1564,41.64,3397,0
58.58,0.96,19.98,6.63,1547,88.3,4277,0
60.69,2.03,8.59,8.84,1669,85.83,761,1
73.6,1.01,17.46,7.91,1479,56.54,4780,0
57.54,0.57,21.83,5.22,1477,40.61,5237,0
50.83,0.82,22.55,9.7,1479,83.17,4042,0
51.04,2.13,20.78,5.09,1560,36.84,305,0
58.94,1.99,8.6,8.96,1614,59.25,7758,1
39.03,1.69,22.46,8.37,1485,56.34,8915,0
37.93,1.72,31.3,8.53,1574,42.17,6177,0
66.05,2.17,16.79,7.94,1563,54.55,7361,1
65.79,1.41,24.58,5.69,1718,73.42,3095,1
62.93,1.34,21.62,8.02,1774,43.53,4596,0
49.14,0.25,10.79,7.88,1592,93.71,6771,0
73.86,1.72,28.45,7.78,1587,65.18,8593,1
57.59,1.78,22.2,7.75,1649,91.78,411,0
60.9,2.39,32.97,7.62,1629,92.77,8387,1
34.88,1.33,32.71,9.66,1602,63.13,2398,0
56.56,2.29,12.72,8.73,1456,80.47,1678,0
56.16,0.93,15.08,6.22,1667,91.63,4339,0
61.39,0.64,24.95,7.67,1509,68.05,382,0
30.58,0.72,31.24,8.42,1726,46.7,7067,0
36.0,0.96,26.97,5.71,1533,36.81,4930,0
57.41,0.19,22.16,5.08,1483,38.01,4949,0
60.72,1.97,13.56,5.24,1585,54.73,8831,1
65.59,1.81,11.51,7.55,1751,39.16,3283,0
31.12,2.33,8.06,7.98,1455,49.01,3280,0
67.2,0.26,28.16,6.26,1688,36.19,889,0
55.6,0.95,32.63,9.76,1540,41.76,7919,0
39.91,0.45,10.07,8.27,1574,42.59,3142,0
50.4,0.59,16.37,7.5,1664,97.52,2242,0
40.25,1.5,17.84,9.49,1727,98.21,5032,0
46.44,0.46,33.14,6.55,1629,56.85,3226,0
56.52,0.74,29.45,5.21,1762,93.46,8976,1
67.53,2.24,33.67,8.87,1641,50.33,3702,1
62.17,0.49,9.33,7.25,1515,90.22,5030,0
44.81,1.47,21.98,7.76,1721,58.17,5061,0
71.58,2.22,25.33,8.62,1765,50.76,627,1
38.34,1.16,21.62,5.14,1500,37.6,1765,0
37.79,0.92,24.25,6.36,1477,46.88,6432,0
68.4,1.04,14.92,8.01,1725,65.32,8876,0
60.6,1.33,25.88,6.08,1615,79.8,1473,1
56.45,2.11,17.82,9.71,1525,35.2,6601,0
46.86,1.3,30.92,6.57,1739,61.12,927,0
63.58,0.19,16.79,9.69,1641,51.43,7679,0
30.34,1.53,13.87,8.77,1479,94.3,4368,0
65.23,0.27,30.73,5.06,1559,94.09,8020,1
43.94,1.01,12.37,9.3,1694,55.28,4704,0
50.05,0.49,12.99,8.97,1527,94.71,6904,0
34.58,2.26,21.96,8.52,1540,97.78,2313,0
74.02,1.67,33.01,5.72,1482,79.51,7191,1
39.72,0.64,23.27,7.48,1506,92.92,6443,0
31.39,0.84,9.43,5.3,1576,97.92,5202,0
32.73,2.2,20.56,5.6,1686,42.1,7553,0
66.29,0.29,8.33,5.34,1698,71.2,1779,0
40.8,0.52,28.15,6.28,1705,94.24,447,0
43.03,1.64,13.95,9.53,1643,49.19,4431,0
48.3,2.1,15.23,6.1,1579,58.52,8170,0
41.81,1.0,23.1,9.95,1465,61.62,159,0
66.14,2.19,21.97,7.82,1569,45.74,2982,0
55.93,0.84,22.27,5.79,1488,83.51,382,0
40.85,1.36,21.05,5.03,1666,35.96,3574,0
46.57,1.6,21.85,6.4,1787,58.16,2814,0
64.57,2.26,26.1,9.93,1482,97.87,597,1
55.62,0.48,12.16,7.62,1757,54.08,4280,0
58.03,2.06,8.56,6.42,1577,47.35,4091,0
47.09,1.39,13.79,7.42,1669,44.4,1550,0
70.34,1.11,23.72,5.43,1537,85.54,2291,0
54.14,1.89,9.8,5.94,1499,99.29,4973,0
35.84,2.46,20.76,5.51,1454,79.31,8631,0
50.8,1.05,33.22,8.89,1593,47.73,6154,0
34.38,0.23,13.92,9.34,1748,94.35,1936,0
46.71,0.32,17.92,9.87,1644,55.14,8486,0
51.81,0.33,21.99,5.87,1547,35.41,3708,0
41.41,0.17,13.81,6.37,1604,79.69,8228,0
39.77,2.46,20.76,8.8,1503,40.23,7665,0
70.26,0.6,15.91,5.01,1635,90.7,7324,1
36.29,0.21,34.29,7.4,1575,58.5,5602,0
70.27,1.78,10.73,7.6,1772,85.14,2328,1
62.29,0.78,31.89,8.95,1763,36.89,6548,1
37.43,0.37,9.04,9.78,1625,42.16,7892,0
70.3,2.26,34.48,9.52,1578,83.59,8485,1
54.53,0.81,29.66,5.19,1794,35.97,5978,0
49.52,1.4,27.7,8.72,1519,73.65,5612,0
34.3,2.15,20.78,6.94,1548,54.45,3389,0
35.36,1.89,17.44,5.57,1535,47.65,5288,0
57.81,0.48,13.91,8.07,1560,94.63,5304,0
50.87,0.2,10.9,9.77,1544,57.6,1313,0
69.36,2.25,17.89,6.47,1767,72.82,6409,0
33.47,2.08,24.65,7.81,1636,40.55,5743,0
31.95,2.31,12.45,5.94,1649,71.96,5940,0
74.22,1.5,9.14,6.64,1711,38.09,8978,1
49.41,0.69,29.61,7.59,1760,99.26,5139,0
55.11,0.32,21.89,9.34,1710,89.33,8622,0
53.33,2.04,19.05,7.71,1799,62.68,7542,0
54.77,2.24,16.74,8.92,1742,99.75,7775,1
40.31,0.41,10.77,9.97,1796,55.75,7899,0
64.93,0.33,28.14,5.3,1474,81.41,7084,1
54.82,2.33,29.71,6.12,1527,88.38,2933,1
42.85,1.45,29.44,5.07,1493,76.87,8816,1
52.55,2.44,11.74,8.34,1562,91.51,1511,0
63.73,1.74,10.36,6.6,1771,43.18,1264,0
72.37,2.47,27.14,5.43,1533,83.7,8084,1
50.56,0.84,12.21,6.14,1559,57.6,4498,0
47.16,1.69,9.01,9.53,1600,74.44,1307,0
47.62,1.61,24.87,7.62,1537,35.06,7277,1
30.36,0.52,28.72,8.72,1714,36.92,858,0
71.22,0.8,32.66,9.72,1713,52.69,2126,0
69.35,0.93,34.61,6.65,1624,85.72,3754,1
63.85,0.41,9.85,7.44,1554,79.85,1197,0
49.96,0.53,24.24,6.85,1641,88.05,6791,1
55.94,0.3,25.29,5.55,1664,90.32,1303,0
54.49,1.79,32.89,5.25,1633,73.08,1354,0
71.41,1.41,11.58,6.83,1747,75.93,6178,0
68.36,2.32,13.34,9.82,1512,93.58,3817,1
32.73,0.1,13.61,8.34,1795,76.89,674,0
43.61,1.77,8.26,5.58,1534,90.83,8477,1
49.04,0.8,19.09,5.98,1514,95.05,4261,0
70.77,0.95,12.85,9.5,1621,55.14,7716,0
37.11,2.05,30.44,9.33,1627,39.02,4833,0
55.42,0.1,31.69,9.28,1641,65.06,3745,0
65.42,0.38,20.17,7.94,1763,82.03,2142,0
52.36,2.35,16.21,9.1,1783,39.08,7824,0
50.55,0.24,23.0,5.6,1481,69.39,5033,0
41.29,1.53,14.0,6.83,1538,62.42,1724,0
30.51,0.39,20.44,9.99,1601,49.01,6834,0
32.51,1.52,33.31,6.43,1611,78.66,3798,0
32.58,0.81,8.14,7.98,1492,59.87,5801,0
71.89,0.66,25.54,5.76,1486,92.47,872,1
57.64,0.46,19.9,7.88,1622,56.36,1775,0
30.94,2.34,21.73,6.19,1494,47.63,1559,0
61.65,1.9,20.24,9.73,1705,51.56,2465,0
46.55,2.41,19.36,9.81,1484,58.53,2741,0
50.52,1.39,8.88,6.87,1749,98.14,8100,1
67.18,1.02,11.77,7.78,1456,71.61,7522,0
62.63,1.64,10.99,8.88,1647,72.87,4922,0
47.2,2.49,25.85,6.72,1566,85.99,3066,1
53.39,0.99,34.28,6.16,1488,43.45,8819,0
43.31,2.1,29.0,7.3,1512,76.42,1577,0
37.74,1.74,31.99,5.57,1521,47.04,8929,1
57.16,2.45,12.86,5.93,1487,49.64,7129,0
68.03,1.84,12.94,6.43,1738,62.11,613,0
33.37,0.31,28.56,7.85,1517,92.14,4652,0
30.11,1.19,11.71,5.91,1786,91.42,3054,0
30.23,2.2,13.9,5.6,1670,46.65,1209,0
38.17,1.04,18.14,5.05,1552,45.9,7188,0
31.66,2.33,25.9,5.85,1749,43.41,2445,0
33.34,0.55,10.78,7.05,1503,97.94,5581,0
34.12,1.75,17.01,8.95,1469,67.18,2857,0
61.1,0.36,9.22,6.17,1505,36.75,4567,0
35.42,0.28,34.35,6.5,1521,67.4,4965,0
58.56,1.87,20.57,7.13,1587,81.59,8474,1
45.97,0.13,8.72,7.45,1505,99.63,8455,0
31.25,1.36,32.76,7.47,1797,72.39,8456,1
70.88,1.66,16.52,8.49,1676,92.82,6088,1
45.82,1.49,34.82,6.95,1576,69.29,6033,0
72.04,0.13,31.96,8.75,1621,44.64,4882,0
41.08,0.56,8.32,9.68,1514,99.46,4001,0
45.7,2.01,18.48,9.56,1728,82.49,8216,1
35.16,2.2,23.39,8.9,1793,95.01,2109,0
49.23,0.9,31.98,8.73,1619,78.82,1592,0
37.43,1.5,28.24,7.09,1760,86.25,1139,1
40.83,1.77,24.46,7.9,1452,46.86,7743,1
70.44,1.2,33.81,5.01,1620,95.66,8154,1
54.05,0.2,20.05,9.93,1780,72.15,2683,0
39.95,1.59,31.77,7.77,1719,63.96,3723,0
43.51,2.35,23.58,7.54,1752,62.9,8663,0
33.42,0.57,18.52,5.51,1478,44.02,2783,0
73.76,1.5,18.25,6.06,1540,53.13,6731,1
71.74,1.79,28.47,7.65,1671,79.18,6162,1
72.15,0.22,34.87,9.0,1749,88.12,4581,1
57.22,1.65,13.01,5.3,1577,71.44,5024,0
64.92,0.17,31.75,8.11,1775,59.74,2318,0
73.61,1.72,21.0,8.64,1648,75.83,1888,0
52.69,1.29,25.64,7.05,1699,78.14,8353,0
33.15,0.51,26.69,6.98,1705,53.48,5002,0
65.8,2.16,19.23,7.69,1576,87.68,1819,1
52.74,1.24,18.07,7.98,1474,36.49,3162,0
69.89,2.31,30.11,7.34,1558,57.64,512,1
51.44,2.23,19.65,9.26,1751,73.68,7256,0
54.88,0.44,31.72,6.11,1528,49.66,4559,0
46.05,0.3,32.48,9.32,1616,83.11,5529,0
61.64,1.91,28.16,5.39,1767,46.69,1490,1
60.5,1.73,9.69,7.68,1673,87.59,1348,1
42.03,0.28,19.7,8.38,1485,99.75,1492,0
48.66,0.53,19.6,7.0,1627,60.02,3291,0
69.63,1.83,24.92,9.41,1619,94.79,8930,1
64.71,0.56,14.94,7.83,1615,84.52,3815,0
66.07,0.13,26.35,8.89,1502,69.75,5433,0
69.33,0.77,12.96,7.67,1703,52.74,2545,0
31.03,0.35,21.15,9.53,1685,77.64,5835,0
53.55,1.88,22.36,9.16,1556,77.59,8361,0
67.82,2.14,25.05,5.13,1800,67.14,8926,1
60.99,2.43,19.82,7.03,1792,73.87,4199,0
39.26,1.07,12.09,6.6,1623,61.76,8140,0
47.79,0.56,33.48,9.19,1575,70.94,8186,0
42.79,2.31,15.89,8.16,1493,84.91,7743,1
69.48,1.66,28.17,5.52,1703,37.39,8776,1
53.58,2.14,23.12,5.63,1527,45.19,8941,0
62.88,1.31,14.57,5.2,1644,55.17,4224,0
47.22,1.14,15.69,5.74,1794,86.39,2095,0
34.87,2.06,32.35,6.86,1619,35.52,1982,0
41.85,0.44,31.81,9.53,1687,81.7,5056,0
67.53,0.49,28.61,8.54,1560,55.12,3839,0
36.47,0.8,34.52,9.53,1716,41.47,3325,0
66.6,0.51,24.92,6.49,1549,56.79,7437,1
61.95,1.67,11.15,8.36,1752,80.42,1773,0
36.35,0.95,27.85,9.54,1458,51.35,760,0
54.6,0.36,25.37,5.92,1736,36.67,1309,0
47.84,0.56,19.42,9.38,1654,96.04,559,0
31.76,1.75,27.51,7.61,1679,83.01,6325,1
58.31,1.74,15.6,8.41,1518,41.94,4979,0
69.11,2.39,19.17,9.64,1553,52.45,1357,0
41.15,0.71,17.27,5.44,1787,75.82,2414,0
72.94,1.15,34.37,5.47,1734,35.67,1965,0
74.28,2.44,14.62,9.94,1589,66.86,3363,0
50.16,0.87,25.29,9.11,1591,80.63,6603,0
36.63,1.5,32.75,5.61,1463,66.03,2304,0
74.39,0.72,9.03,6.92,1619,60.81,2498,0
65.87,0.2,28.89,7.83,1797,98.68,5265,1
53.93,0.29,23.54,8.73,1684,53.43,3619,0
60.52,1.07,32.28,7.28,1645,73.1,8820,1
32.87,1.03,30.79,9.01,1761,90.24,894,0
72.5,1.33,12.96,7.98,1612,75.39,3283,0
67.6,0.25,29.06,7.31,1575,49.65,3537,0
68.59,1.05,33.61,9.81,1554,88.48,8593,1
69.78,0.2,15.89,7.99,1741,41.31,4377,0
55.37,1.18,23.12,6.75,1621,83.03,6409,0
38.44,0.11,12.68,7.37,1744,66.76,731,0
65.49,2.36,18.43,7.78,1518,51.29,1504,0
55.55,1.73,25.45,7.45,1519,48.29,2143,0
50.42,1.53,20.66,5.98,1711,35.04,3691,0
64.8,0.35,21.32,8.47,1451,93.46,4748,0
64.37,0.36,8.11,7.44,1679,54.85,7243,0
72.1,2.32,30.52,6.42,1632,67.0,4417,1
37.43,1.93,23.92,8.97,1791,40.75,1617,0
58.93,2.08,30.64,7.15,1721,83.31,2354,1
54.35,1.98,14.4,8.5,1728,67.99,7514,0
68.31,1.2,30.18,8.89,1698,80.33,4962,0
73.23,0.16,33.85,9.85,1497,60.28,4168,0
35.07,1.36,26.12,5.64,1538,65.19,6229,0
47.97,0.37,29.88,7.85,1552,40.29,3859,0
67.93,0.27,9.69,6.94,1577,51.16,4038,0
52.97,1.1,16.3,5.67,1500,41.68,4181,0
52.68,0.73,32.49,9.59,1467,35.0,2574,0
55.92,2.1,30.21,9.96,1739,46.3,797,0
43.86,1.62,34.25,5.21,1690,85.25,226,1
30.87,0.67,11.41,8.29,1707,83.24,958,0
45.31,1.29,34.66,8.5,1508,58.58,7044,0
41.23,1.0,17.03,7.97,1622,80.74,8733,0
52.85,2.05,15.71,6.84,1498,74.56,8037,0
37.43,2.42,13.6,8.65,1663,82.42,4540,0
33.83,0.23,12.26,8.08,1574,76.23,8574,0
53.33,0.56,18.94,8.25,1635,93.63,5061,0
36.65,1.73,27.53,8.04,1754,90.2,8897,1
31.31,0.66,25.54,5.89,1784,81.57,3984,0
38.77,1.48,31.3,6.58,1469,79.05,433,0
54.41,0.42,23.95,8.99,1697,40.4,5825,0
74.11,2.1,10.95,9.91,1665,35.06,1428,0
42.84,1.97,29.13,7.37,1785,96.35,4060,1
32.17,1.54,29.12,6.78,1597,67.87,6014,0
35.92,1.82,13.2,9.79,1660,41.61,8530,0
39.07,1.28,11.12,9.36,1776,92.97,607,0
56.13,0.68,24.02,6.21,1704,40.6,6880,0
38.83,1.91,16.8,8.84,1689,51.12,4425,0
50.84,1.2,22.93,5.12,1721,89.85,3505,0
35.45,2.09,27.52,6.33,1669,90.45,5367,1
43.41,0.59,32.79,7.22,1727,94.08,7580,1
62.05,1.97,15.0,8.44,1587,49.47,6718,1
32.58,1.85,26.12,7.51,1603,74.77,3321,0
48.25,0.9,20.71,6.47,1777,95.63,2921,0
52.08,1.13,32.83,7.92,1789,50.52,5326,0
51.32,1.17,33.37,8.63,1451,94.31,3449,0
62.78,0.75,28.19,5.51,1491,48.93,4166,0
73.1,1.25,34.41,5.24,1680,98.02,7721,1
57.51,1.86,30.14,5.2,1631,48.74,2190,0
39.83,1.34,20.57,6.03,1658,82.01,1597,0
49.69,1.91,8.1,7.18,1641,38.86,6741,0
66.38,0.34,22.18,8.67,1652,40.94,1289,0
36.45,1.75,17.87,7.62,1543,93.12,6538,1
51.89,0.89,24.14,7.3,1584,36.25,4091,0
62.29,2.4,15.03,8.53,1684,90.55,7643,1
53.66,1.42,28.99,6.66,1661,62.27,3011,0
45.39,1.42,26.11,6.62,1702,41.31,6498,0
37.12,1.41,33.19,8.71,1482,59.05,8933,1
60.31,0.31,29.38,5.22,1702,64.69,7935,1
54.95,2.14,20.13,6.96,1762,41.2,901,0
35.84,1.1,29.94,7.44,1505,62.36,8327,0
73.3,1.5,21.69,6.12,1655,67.32,1098,0
34.68,1.02,28.48,6.51,1549,84.5,4493,0
71.16,0.22,24.56,5.09,1610,48.34,8662,1
31.7,1.16,25.08,9.08,1773,43.15,2948,0
37.64,1.96,16.78,9.84,1800,97.42,5325,0
34.43,1.09,27.26,6.62,1571,68.64,608,0
70.32,1.6,27.97,9.05,1463,71.69,6556,1
42.53,2.1,26.71,8.34,1480,76.1,3098,0
60.53,0.54,19.0,7.43,1561,85.56,4417,0
33.1,1.44,22.89,9.83,1681,46.44,8117,0
68.01,2.3,21.05,9.0,1745,90.45,6470,1
61.31,1.36,28.37,5.29,1722,92.75,166,1
57.17,1.63,22.93,6.46,1490,56.98,2972,0
58.94,2.38,17.95,5.84,1570,86.22,8990,1
74.63,1.48,30.84,9.99,1559,35.43,2427,1
50.28,1.0,9.03,5.63,1554,67.36,690,0
38.07,0.79,9.54,6.0,1762,98.93,8991,0
39.71,2.31,25.68,5.48,1672,82.72,2203,1
45.29,0.85,16.79,8.84,1690,95.41,2664,0
40.89,1.47,24.17,7.96,1679,95.95,2668,1
52.64,0.45,9.09,7.49,1729,48.63,1067,0
55.66,1.85,18.7,6.09,1755,95.31,2652,0
68.99,1.95,33.57,7.22,1682,49.32,5670,1
41.21,2.38,13.31,7.59,1796,57.18,1148,0
39.72,0.32,17.34,7.84,1666,36.44,6741,0
40.36,1.34,26.45,9.73,1665,74.55,1974,0
35.75,0.74,31.87,7.78,1720,46.18,6921,0
66.19,1.05,22.68,7.23,1622,35.45,8771,0
67.49,0.37,18.62,8.3,1533,38.57,2260,0
31.36,2.2,29.9,7.56,1672,98.93,1066,1
38.42,0.39,33.4,8.41,1545,68.16,1156,0
30.09,1.99,25.98,8.79,1516,85.21,3446,1
62.15,1.39,8.53,5.72,1660,86.93,2642,1
34.77,0.28,34.0,7.25,1698,86.29,4938,0
39.99,0.87,16.93,8.59,1670,63.92,5272,0
38.66,1.09,18.32,6.88,1640,74.16,100,0
34.53,0.75,32.3,6.88,1612,58.05,1371,0
74.68,1.7,9.54,7.8,1670,51.96,2419,0
68.77,0.36,31.48,7.99,1623,36.42,4289,0
51.85,1.52,18.69,9.3,1584,56.34,3128,0
58.77,0.91,27.89,5.82,1482,61.66,5735,0
66.74,0.48,28.97,5.29,1680,99.64,8596,1
69.34,0.3,18.71,7.84,1681,56.27,4511,0
38.72,1.32,29.99,8.88,1750,65.77,5927,0
48.49,1.38,14.02,5.48,1755,40.24,642,0
46.81,1.17,13.27,9.29,1730,80.79,6456,0
73.65,1.5,17.25,5.48,1578,98.13,2441,1
45.93,1.61,14.94,6.97,1615,61.83,7962,0
35.67,0.81,10.77,7.55,1503,61.89,6136,0
51.28,2.41,23.45,9.37,1742,88.77,6859,1
51.75,1.75,32.14,5.6,1529,83.45,4824,1
74.02,1.57,12.51,5.28,1609,72.49,2707,0
46.89,1.48,28.72,8.66,1737,55.54,5916,0
51.54,0.5,26.57,9.05,1774,75.95,7757,0
51.81,1.65,15.69,6.44,1769,97.43,5796,0
45.8,0.61,22.56,9.2,1778,76.54,1324,0
52.0,1.55,29.88,5.48,1788,43.11,1799,0
60.41,0.68,21.16,8.79,1657,99.88,6890,1
58.43,1.63,23.35,5.22,1737,54.48,3361,0
69.14,1.36,12.51,5.92,1508,83.32,6232,1
50.59,2.42,10.84,5.61,1503,56.57,1643,0
63.21,1.25,8.6,5.89,1712,45.97,3962,0
70.7,1.43,32.3,7.89,1465,61.28,2029,1
36.95,1.73,13.26,9.77,1645,78.18,3757,0
70.75,2.39,20.8,7.12,1747,96.96,2581,1
38.41,0.58,13.85,9.39,1482,56.87,7381,0
55.67,1.07,11.33,6.82,1453,55.28,6375,0
44.68,1.83,32.14,6.81,1457,69.08,7227,1
43.11,0.86,25.91,7.37,1581,72.86,4380,0
52.2,0.55,30.2,8.06,1722,38.01,8361,0
58.33,0.5,33.67,8.33,1714,46.36,6083,0
47.22,0.55,24.63,8.91,1620,71.73,3258,0
55.28,1.64,27.79,5.26,1510,71.37,4628,0
68.5,1.95,13.69,9.31,1470,43.2,8421,1
37.55,1.04,16.31,7.5,1771,70.23,4749,0
41.16,0.49,9.02,7.57,1771,58.89,1785,0
54.49,0.1,26.25,8.16,1685,86.75,5906,0
61.28,0.82,28.82,6.53,1576,49.59,6004,0
48.68,1.62,15.2,9.41,1747,75.25,5641,0
49.44,1.75,26.26,6.42,1763,41.9,6772,1
48.32,2.1,19.36,5.43,1550,66.98,5483,0
51.24,0.71,20.6,7.94,1620,83.54,4439,0
34.79,0.32,21.76,9.94,1653,88.73,310,0
62.7,1.11,22.41,8.08,1556,53.67,1668,0
58.94,1.81,30.76,7.71,1578,52.34,4105,1
36.87,0.2,30.08,7.69,1454,46.88,408,0
61.64,0.55,26.19,8.4,1508,43.49,7872,1
34.1,1.3,34.91,6.62,1671,90.67,4901,1
64.58,2.33,10.31,5.65,1561,98.61,6365,1
62.37,1.42,23.56,9.81,1558,75.81,712,0
58.23,1.85,11.51,5.63,1568,43.94,5947,0
36.78,2.39,27.19,6.5,1782,40.0,3442,0
64.19,1.58,12.72,8.37,1454,39.79,752,0
70.68,2.2,19.45,7.79,1556,35.51,3655,0
38.5,2.43,30.05,6.3,1655,67.66,5056,0
32.89,2.48,12.22,7.23,1555,97.43,4378,0
63.4,1.53,26.06,5.04,1556,59.88,1121,1
54.87,2.23,14.97,9.92,1777,75.42,1405,0
60.46,1.31,22.4,6.73,1485,80.41,4667,0
60.9,1.2,17.93,6.42,1710,62.73,839,0
52.59,1.81,26.25,5.96,1682,92.6,4175,1
62.42,2.05,30.71,7.45,1746,61.71,6263,1
68.87,0.39,14.02,7.4,1738,52.71,2736,0
58.46,1.1,18.56,7.53,1493,70.98,7600,0
36.4,2.42,28.54,8.44,1637,51.33,6601,1
40.39,1.98,32.02,5.17,1566,56.29,3735,0
54.02,1.77,34.25,7.29,1574,63.34,3084,0
53.27,2.04,29.47,9.92,1469,99.79,5497,1
70.96,0.11,33.5,9.24,1627,90.26,7625,1
30.2,0.93,34.07,5.88,1462,50.61,1315,0
61.01,2.32,15.93,5.79,1535,46.97,364,0
49.26,0.88,21.81,9.58,1715,58.63,2710,0
72.99,0.65,25.51,8.07,1523,69.46,4950,0
67.95,0.21,14.05,5.52,1523,71.34,8918,0
58.19,1.34,18.0,6.82,1770,68.26,4946,0
67.62,0.96,22.93,8.66,1737,51.52,2705,0
47.42,0.89,10.56,7.9,1780,44.2,6851,0
64.79,2.1,31.7,7.81,1489,74.83,3495,1
64.75,1.39,26.44,7.89,1652,51.54,8048,1
31.59,2.01,34.74,9.32,1619,43.74,7598,1
47.76,2.04,15.64,7.95,1520,51.61,8259,0
35.24,0.98,19.67,7.29,1580,35.0,2239,0
47.82,0.31,24.59,6.74,1560,86.89,5944,0
51.47,1.29,11.3,8.36,1574,61.7,2381,0
36.23,1.57,13.04,6.7,1727,74.36,197,0
34.9,0.56,22.16,9.51,1625,77.7,2534,0
36.27,2.01,20.58,7.72,1708,80.68,700,0
41.45,0.12,25.76,5.27,1708,67.45,4102,0
48.37,2.16,17.23,9.19,1739,88.82,5789,0
63.74,1.51,28.03,8.53,1615,50.06,3815,1
71.01,1.57,31.04,9.33,1540,38.34,2260,1
65.48,0.6,34.37,7.97,1659,59.05,5072,0
65.5,1.25,21.74,5.31,1483,87.36,6003,0
32.97,0.16,32.68,9.59,1698,58.82,1868,0
38.32,1.92,31.56,7.89,1631,45.78,7137,1
73.18,0.8,14.03,6.69,1464,71.23,7563,0
69.95,1.25,17.33,9.44,1689,92.38,779,0
66.43,1.2,8.34,5.24,1483,50.23,3397,0
60.88,0.39,27.53,8.55,1676,60.4,6981,1
58.54,0.77,19.24,5.9,1512,84.96,1804,0
50.54,1.11,29.73,7.33,1638,82.86,6167,0
50.65,1.93,11.06,7.33,1647,96.76,8416,1
40.66,2.31,19.53,7.36,1664,70.63,3810,0
60.94,0.21,20.34,6.51,1697,63.88,5506,0
74.72,1.02,26.72,8.59,1530,36.48,554,0
70.59,1.43,11.25,6.29,1575,67.88,4466,0
56.87,0.25,16.91,7.29,1533,81.87,4249,0
73.96,2.36,9.56,5.59,1688,62.07,3115,0
70.67,0.19,13.75,8.8,1509,50.93,5886,0
41.48,1.95,14.08,5.18,1453,84.39,7207,1
36.03,0.36,33.95,5.61,1623,47.45,1913,0
50.94,1.58,18.35,8.95,1671,71.41,2222,0
35.33,2.42,27.34,8.95,1784,55.65,7099,1
34.48,0.44,34.94,6.77,1589,49.41,4477,0
74.57,0.24,13.66,5.32,1633,70.78,5713,0
37.34,2.04,11.73,6.86,1668,91.75,3408,0
59.2,2.29,18.49,8.68,1719,42.86,4407,0
36.52,0.17,24.66,9.29,1695,84.06,5251,0
66.81,0.8,26.54,6.94,1755,55.29,5454,0
63.04,0.58,34.37,8.98,1619,63.2,7852,1
44.23,1.65,8.8,5.95,1627,56.24,3587,0
49.56,1.55,18.64,9.6,1732,45.99,2320,0
70.9,2.34,9.34,6.53,1589,45.04,156,0
63.8,0.65,19.71,6.86,1504,83.89,560,0
64.74,1.46,27.32,5.47,1544,44.06,2318,1
32.63,0.28,9.77,8.82,1694,72.24,5164,0
53.18,2.48,9.51,7.88,1760,68.44,6996,0
62.44,2.32,16.84,7.17,1588,67.65,6277,0
34.3,1.17,31.46,9.5,1766,36.18,8416,0
56.68,0.8,33.47,9.48,1484,47.17,5612,0
40.28,1.72,14.73,9.43,1500,77.91,8359,0
67.27,2.04,15.98,9.07,1720,38.04,2563,0
51.34,2.11,26.38,6.13,1482,78.02,5704,0
56.53,2.16,14.68,5.95,1767,70.86,8417,0
44.26,1.02,11.93,8.24,1751,73.29,8332,0
53.89,1.89,15.49,8.75,1776,83.95,1600,0
61.71,1.23,28.13,7.7,1535,57.37,8785,1
56.3,2.26,34.68,6.1,1533,55.39,7439,1
65.14,1.37,26.97,9.43,1624,58.91,2540,1
52.84,0.67,14.21,7.04,1558,54.85,3969,0
64.01,1.85,14.94,6.18,1744,55.56,3353,0
71.71,1.25,15.81,9.42,1665,56.19,1374,0
39.29,0.64,18.07,9.13,1458,57.39,5608,0
40.67,0.85,30.86,8.34,1457,72.59,3847,0
31.14,1.97,26.67,8.12,1467,39.12,7710,1
40.1,2.04,34.05,5.09,1572,61.36,8035,1
69.68,0.86,17.6,7.71,1590,79.47,2032,0
67.42,2.32,28.94,7.42,1573,71.98,209,1
53.43,1.96,34.87,8.95,1796,59.36,8440,1
71.25,1.69,19.14,5.21,1650,67.6,5360,0
56.64,1.15,13.61,8.11,1696,67.61,2870,0
44.29,0.61,24.49,5.19,1569,58.13,366,0
61.82,1.58,23.8,5.42,1707,74.2,3678,0
69.13,1.37,26.87,6.57,1462,85.64,2215,1
57.45,2.47,29.79,7.07,1563,89.02,8574,1
62.82,0.19,13.68,9.26,1557,96.8,5025,0
46.98,1.72,15.22,7.25,1727,47.22,8420,0
43.13,0.44,29.0,7.38,1573,66.67,6835,0
58.12,0.46,28.34,9.08,1465,38.9,4326,0
57.21,0.49,18.41,8.22,1756,35.07,5285,0
57.77,0.19,9.4,8.0,1479,53.81,3716,0
72.64,1.88,31.71,6.87,1696,49.53,5683,1
62.8,2.47,31.99,5.07,1761,37.42,8261,1
38.77,2.0,11.74,6.33,1482,97.83,3775,0
74.14,0.35,19.11,9.4,1673,55.77,1105,0
69.33,0.18,10.7,8.89,1711,86.02,8632,1
65.69,1.89,14.23,8.89,1614,93.43,344,1
68.3,0.91,22.29,8.01,1458,99.79,6281,0
57.86,1.03,22.82,5.79,1743,91.31,4772,0
41.84,1.43,14.18,9.44,1748,82.85,4878,0
56.88,2.45,28.84,9.41,1601,75.37,5754,0
42.79,1.17,29.76,6.29,1618,88.98,7031,1
30.36,1.87,24.57,9.09,1475,74.46,8174,1
44.2,1.03,10.28,6.61,1517,88.74,3187,0
31.89,0.64,20.75,5.65,1459,63.38,7095,0
32.87,2.0,18.68,6.7,1750,81.07,1761,0
36.0,2.08,20.16,5.95,1463,69.21,4374,0
38.03,2.17,9.12,6.81,1589,47.33,6906,0
69.48,1.35,27.18,6.37,1787,48.89,3051,1
61.97,0.98,30.14,7.4,1622,35.4,8884,1
30.0,1.04,28.46,7.24,1688,92.11,3733,0
47.98,2.3,9.59,8.96,1492,69.34,6055,0
72.19,2.4,17.71,6.31,1523,65.89,8280,1
55.3,1.98,23.87,6.65,1573,36.16,3824,0
63.61,0.49,17.65,6.79,1657,65.27,1003,0
63.48,2.45,21.99,9.4,1584,57.35,5142,0
43.8,0.48,9.44,9.86,1606,92.63,1146,0
69.46,0.92,15.19,7.12,1562,57.85,1663,0
45.83,1.73,10.99,8.97,1661,75.99,3633,0
43.51,1.13,19.57,8.41,1739,42.77,6577,0
37.69,1.55,9.52,7.51,1785,93.38,3364,0
48.97,0.98,30.67,9.3,1582,39.85,5180,0
32.28,1.76,10.56,5.72,1746,58.09,2113,0
61.53,2.41,18.38,9.25,1758,80.48,8113,1
54.26,1.51,12.88,5.01,1696,89.81,6343,0
52.31,0.56,25.57,9.61,1760,93.07,2680,0
66.38,1.99,30.34,8.53,1675,72.52,3253,1
58.32,1.05,30.28,6.6,1455,43.86,7357,1
50.05,1.55,19.2,7.07,1708,85.41,103,0
71.21,1.92,24.43,7.73,1531,51.89,2789,1
44.72,2.02,21.41,5.15,1585,55.07,1686,0
47.91,1.65,34.68,7.61,1468,66.71,617,0
72.76,0.45,8.94,8.11,1768,99.53,446,0
35.18,0.57,13.83,6.65,1681,44.66,4454,0
46.24,1.52,30.45,9.38,1623,87.9,1054,1
69.02,0.43,12.38,5.44,1548,43.65,1279,0
58.84,1.16,9.64,7.27,1458,70.45,2394,0
57.21,0.78,9.78,9.27,1650,80.93,7241,0
61.6,1.28,20.98,7.08,1698,81.0,7604,0
51.34,2.49,28.73,7.42,1681,42.54,8782,1
43.47,1.74,22.53,5.13,1622,68.54,7565,0
48.44,2.22,26.55,7.6,1583,69.42,8242,1
53.27,2.49,15.8,8.65,1662,69.95,2493,0
51.8,2.21,22.41,7.02,1457,49.35,7929,0
73.35,1.17,28.13,5.34,1653,70.02,3117,0
40.11,2.47,18.62,6.25,1565,51.38,3349,0
70.54,2.43,34.4,8.6,1693,56.88,1003,1
47.69,2.32,20.82,8.29,1473,50.49,3092,0
36.09,0.23,20.69,9.18,1506,91.73,6138,0
45.05,0.39,20.76,8.68,1733,42.67,3276,0
56.91,1.7,27.89,5.09,1491,71.08,4385,0
50.14,0.6,24.64,8.22,1487,98.28,5405,0
63.69,0.3,16.59,6.25,1733,47.06,1786,0
57.7,1.08,25.38,8.8,1514,63.96,1387,0
73.73,1.58,24.7,7.26,1528,98.56,8423,1
58.36,2.2,12.32,5.37,1653,99.71,4096,1
62.96,0.34,24.55,7.22,1781,92.73,2413,1
74.68,1.58,17.8,5.7,1530,79.88,2935,0
73.18,1.18,18.03,6.44,1694,88.96,7008,1
30.02,1.06,21.68,5.87,1611,82.14,2283,0
66.73,1.51,9.22,6.16,1496,96.43,1667,1
61.23,1.31,33.55,5.51,1603,61.18,7431,1
64.72,1.97,19.03,6.71,1548,39.52,8611,1
68.39,0.25,11.61,8.73,1657,50.68,1553,0
47.4,1.62,15.22,9.58,1535,97.87,6040,0
66.59,2.42,9.3,5.77,1568,56.06,3142,0
57.32,1.25,25.11,6.57,1546,95.16,1221,0
67.62,1.88,13.34,6.12,1706,89.05,8267,1
60.5,1.97,27.45,8.0,1611,95.89,2031,1
47.11,1.35,14.31,5.48,1697,60.9,4631,0
63.55,0.46,9.62,5.49,1511,70.04,4726,0
65.37,1.55,10.07,9.33,1493,49.67,8214,1
43.0,1.75,13.93,7.88,1617,90.27,639,0
33.0,2.0,13.49,7.08,1592,50.23,7108,0
37.24,1.08,14.44,6.96,1780,90.27,6535,0
56.55,2.01,12.2,8.11,1779,37.13,7011,0
66.78,2.14,9.04,7.06,1665,67.92,8179,1
46.74,0.12,20.25,5.94,1759,60.16,5024,0
49.62,2.17,16.13,9.45,1612,87.74,7183,1
37.06,2.23,15.24,5.51,1588,61.28,1688,0
61.28,1.03,30.46,7.87,1622,66.64,1501,0
30.55,0.76,27.55,9.3,1752,61.29,1378,0
37.46,0.69,20.7,8.64,1769,65.89,1561,0
51.7,0.12,18.14,7.24,1747,90.37,8138,0
59.34,0.97,16.12,8.87,1776,99.23,7303,1
70.2,1.69,10.56,6.1,1459,71.86,5142,0
52.77,1.39,20.21,5.24,1581,93.1,5370,0
37.56,1.02,22.06,7.37,1469,61.67,4406,0
70.87,0.94,13.61,6.76,1756,65.96,1955,0
74.67,2.39,31.48,9.53,1736,37.93,8850,1
74.2,2.17,31.21,8.9,1533,41.39,4480,1
53.72,1.28,22.1,9.19,1468,92.55,4176,0
58.05,0.24,12.07,9.86,1453,88.19,8542,1
30.8,0.78,31.21,8.17,1635,35.26,1055,0
62.96,1.93,23.09,8.36,1591,62.74,8982,1
31.66,0.93,12.63,8.54,1791,71.6,2361,0
63.86,0.81,14.18,8.02,1536,87.76,950,0
40.09,2.43,19.63,6.68,1585,66.01,5539,0
47.42,0.41,32.19,8.3,1580,59.91,626,0
64.53,2.4,17.37,5.22,1732,63.06,2632,0
63.47,2.28,16.51,8.87,1708,42.95,4968,0
43.68,0.79,21.26,9.89,1682,76.58,1182,0
51.3,2.16,24.93,6.84,1658,41.02,5162,0
37.68,2.28,23.85,9.77,1680,37.48,504,0
50.87,0.65,28.17,5.25,1480,93.37,3070,0
71.36,1.98,29.73,8.32,1626,93.58,2012,1
35.28,0.54,16.27,9.65,1712,55.22,1323,0
31.13,0.29,29.24,7.25,1541,85.44,5922,0
43.52,1.91,26.3,6.55,1489,93.33,3872,1
42.51,2.48,17.08,8.71,1645,83.84,939,0
33.14,0.31,14.32,7.25,1656,90.63,1020,0
61.46,2.44,28.47,6.7,1650,85.77,1658,1
56.73,1.19,24.22,6.71,1640,58.93,893,0
32.79,0.71,8.83,5.02,1628,51.7,438,0
33.48,1.52,8.4,8.06,1575,43.43,7520,0
54.57,1.96,8.77,5.13,1776,44.52,8721,0
38.49,1.78,22.47,8.34,1504,86.66,3008,0
60.96,0.27,11.16,6.42,1581,84.78,4045,0
52.68,2.23,22.39,5.24,1512,53.49,8955,0
65.94,2.12,19.97,6.29,1767,70.14,3067,0
64.11,2.29,12.84,6.0,1452,93.73,2396,1
62.98,0.12,8.7,10.0,1751,50.52,927,0
68.53,1.18,10.88,8.74,1527,43.93,8339,0
64.39,0.94,34.53,8.68,1713,89.72,5740,1
67.38,2.14,13.16,6.77,1566,72.66,6116,0
57.1,1.9,17.56,9.41,1756,99.95,8822,1
35.62,1.24,18.44,8.88,1497,53.37,4696,0
62.31,0.39,30.3,8.27,1774,46.4,4359,0
53.37,2.01,15.32,6.98,1456,83.48,7049,1
30.09,1.37,17.52,8.54,1555,93.5,3212,0
30.05,0.99,32.74,5.34,1685,76.99,1724,0
70.96,1.33,9.29,7.09,1711,51.62,1914,0
54.57,2.48,9.86,9.29,1744,37.46,1809,0
51.56,1.83,10.39,7.69,1744,98.81,7684,1
67.01,0.65,19.86,5.43,1516,76.97,1446,0
41.09,2.17,29.27,6.51,1505,54.05,4020,0
41.23,0.46,27.0,6.35,1659,77.95,4435,0
58.08,1.83,16.51,7.73,1773,78.29,5759,0
51.13,0.77,27.57,9.87,1604,92.01,481,0
40.91,0.7,9.93,7.74,1587,52.65,7404,0
59.3,1.21,10.34,5.82,1727,88.67,4495,0
51.81,0.2,13.31,7.73,1574,85.82,1968,0
32.74,0.64,13.68,9.08,1642,62.86,1718,0
72.08,1.39,23.9,9.38,1788,54.27,232,0
40.19,1.65,14.83,6.25,1527,45.52,2285,0
71.43,2.15,30.06,7.44,1709,74.9,3506,1
49.69,1.7,32.45,9.84,1521,77.64,2251,0
34.71,0.25,27.73,7.86,1665,87.57,2924,0
50.43,1.1,12.78,6.22,1664,40.62,831,0
35.98,0.94,20.76,5.05,1714,61.22,2636,0
70.82,1.91,10.12,5.19,1461,47.13,4694,0
37.82,0.9,12.3,5.34,1605,54.18,7867,0
67.59,1.37,8.39,7.3,1710,84.81,6693,1
38.02,1.33,22.5,8.17,1469,78.2,6230,0
68.62,2.16,27.54,8.56,1535,85.83,4950,1
71.01,0.28,33.67,6.43,1650,96.03,6793,1
37.9,0.75,25.33,9.3,1798,56.97,8091,0
34.31,0.7,18.1,7.61,1756,55.41,4853,0
58.53,1.5,10.36,6.65,1727,87.81,1958,1
60.23,1.35,16.36,7.0,1761,44.77,7924,1
35.32,1.53,9.2,8.9,1744,95.35,7232,1
59.42,0.15,12.82,6.7,1786,47.45,3515,0
33.71,1.5,23.07,5.08,1592,56.21,3612,0
39.59,2.4,21.18,7.56,1692,67.08,3251,0
52.18,0.53,27.64,5.15,1777,60.61,942,0
53.62,2.44,27.22,8.65,1600,72.02,3280,0
34.54,2.06,27.58,9.76,1510,58.25,6917,1
41.59,0.16,15.57,9.51,1701,51.67,998,0
59.74,1.79,16.18,9.79,1624,54.35,5575,0
37.54,0.21,32.36,6.07,1797,61.84,7510,0
73.88,1.73,32.43,9.12,1461,40.98,6421,1
42.12,1.66,8.14,9.67,1540,49.59,5436,0
61.12,1.79,33.65,8.46,1484,60.77,8188,1
63.62,1.73,8.48,8.1,1550,64.4,2604,0
42.16,2.38,9.25,7.74,1473,68.34,614,0
60.0,2.38,8.45,8.99,1619,82.93,6710,1
52.7,2.01,32.72,7.97,1577,51.07,6014,0
30.33,1.03,13.04,6.04,1751,75.96,7343,0
65.75,0.75,33.9,5.66,1580,92.01,7497,1
35.7,0.79,9.67,9.37,1645,78.51,7573,0
73.17,2.1,20.31,5.02,1543,88.85,1476,1
70.17,2.35,21.24,5.13,1600,64.32,8094,1
43.87,1.45,26.06,5.63,1559,47.68,2820,0
32.77,2.39,29.64,9.7,1619,57.66,1990,0
40.27,0.44,8.44,9.76,1731,84.84,4774,0
36.71,1.73,17.21,7.87,1755,87.43,7252,1
48.76,1.49,34.73,9.54,1729,82.21,3266,1
45.11,0.4,14.99,7.16,1555,55.79,4688,0
33.3,1.55,15.69,6.68,1677,95.23,4786,0
41.51,0.19,12.34,8.57,1623,57.33,5751,0
58.28,2.4,33.01,5.87,1707,78.64,241,1
34.22,2.31,28.82,8.11,1763,59.74,250,0
72.84,0.2,17.97,9.89,1521,66.77,5168,0
66.56,1.09,12.49,8.2,1647,54.55,8773,0
61.87,1.17,32.66,6.82,1559,59.82,2490,0
42.99,0.26,33.34,9.44,1735,83.95,336,0
37.59,1.93,27.33,7.03,1593,84.25,8119,1
44.0,0.33,12.01,6.2,1629,41.74,6003,0
45.27,1.28,31.85,8.6,1790,84.53,4707,0
74.94,0.18,26.86,7.09,1513,91.68,8225,1
57.1,2.25,33.94,8.61,1793,43.64,6871,1
57.66,0.17,30.5,6.52,1642,92.36,3188,0
47.0,1.7,25.59,7.6,1558,41.44,7747,1
50.89,1.76,33.34,9.24,1637,41.26,3168,0
44.56,1.69,25.33,9.97,1487,42.79,2753,0
37.0,2.36,15.4,7.23,1599,82.87,5436,0
35.12,2.4,23.2,5.34,1600,91.31,2136,0
32.17,2.25,13.89,6.91,1534,76.65,6487,0
67.23,0.68,30.26,6.25,1494,35.56,2676,0
69.45,0.39,12.78,9.87,1760,68.18,1696,0
35.26,2.44,29.77,8.01,1532,69.96,4020,0
73.63,1.17,34.54,5.83,1453,53.85,5007,0
73.17,1.57,15.47,5.58,1452,84.31,540,1
66.02,0.82,14.25,7.07,1585,44.44,5366,0
44.99,1.87,24.67,9.18,1597,72.98,3882,0
57.63,2.38,23.38,9.78,1599,86.04,323,0
43.3,0.78,26.78,6.92,1452,50.68,3142,0
42.38,2.31,13.06,6.03,1485,56.04,3234,0
42.36,1.17,8.8,6.0,1774,65.91,1565,0
55.38,2.3,15.64,7.36,1755,62.62,5763,0
64.03,1.08,26.84,5.32,1705,88.17,4783,1
38.44,1.56,17.71,5.28,1469,44.19,4284,0
70.61,1.89,9.19,7.73,1525,84.45,8519,1
33.02,1.44,11.81,7.85,1522,69.03,8684,0
72.21,0.14,18.59,8.51,1549,59.28,7195,0
31.26,1.44,11.38,7.82,1560,61.5,6184,0
37.5,0.34,25.56,6.63,1580,79.07,6629,0
41.3,0.85,31.95,9.43,1494,78.24,3752,0
55.11,0.22,21.01,6.92,1737,93.54,1405,0
73.18,0.48,15.45,5.05,1658,64.51,5580,0
49.33,1.32,28.23,7.09,1781,55.11,6130,0
35.22,1.8,16.02,9.69,1799,63.4,5745,0
65.57,1.63,27.38,8.43,1796,71.51,2249,1
72.27,2.37,23.84,9.28,1566,48.35,6987,1
41.81,0.36,19.19,7.11,1699,82.01,8512,0
30.77,2.42,29.52,7.46,1467,82.23,3467,1
34.3,1.3,28.69,6.05,1567,47.33,5156,0
54.43,1.28,23.75,7.16,1588,63.33,3823,0
63.26,0.37,17.27,8.01,1779,88.22,8560,1
46.11,2.37,22.59,6.82,1589,70.59,2256,0
61.5,1.26,20.58,8.71,1747,65.82,5824,0
50.13,1.02,26.99,9.94,1450,81.87,3495,0
72.34,2.47,22.77,5.35,1570,93.8,3073,1
64.89,0.92,10.17,8.2,1617,97.47,8160,1
74.41,2.06,27.19,6.08,1668,84.51,1632,1
33.35,2.26,17.09,9.52,1748,99.63,4478,0
56.74,1.49,18.58,5.14,1481,70.9,1839,0
38.06,0.87,9.69,6.54,1637,43.79,5055,0
69.05,2.43,26.96,8.36,1541,36.53,539,1
39.1,2.23,18.83,6.67,1574,72.45,3439,0
69.45,0.47,15.49,6.99,1659,38.71,2337,0
44.05,2.07,13.69,8.47,1678,83.26,7239,1
65.98,1.29,18.5,8.64,1695,79.31,667,0
49.15,0.77,24.48,7.15,1753,79.24,1868,0
31.93,1.07,17.99,6.69,1622,97.92,3773,0
72.36,0.19,20.85,9.0,1672,90.23,2155,0
66.33,1.33,20.09,9.58,1634,59.44,7962,1
54.34,1.99,29.76,6.86,1767,44.34,8173,1
43.93,1.2,32.91,7.47,1535,46.07,5596,0
33.04,1.78,26.76,6.86,1782,56.97,6118,0
41.77,1.45,30.48,8.01,1468,67.13,7294,1
60.0,2.36,34.08,7.81,1638,60.13,6808,1
40.37,0.46,27.78,6.52,1455,59.5,1958,0
59.32,0.86,22.91,7.77,1717,42.49,4691,0
54.14,1.39,31.35,6.29,1573,70.94,6180,0
55.27,0.83,28.03,5.64,1523,64.32,1442,0
32.13,1.54,10.15,6.36,1614,91.53,8619,1
54.51,1.65,8.53,7.31,1798,55.85,3736,0
34.12,2.04,25.3,5.25,1678,69.12,7037,1
35.94,0.55,17.24,9.26,1700,38.07,1448,0
52.23,1.34,31.88,8.35,1642,65.78,5244,0
40.75,1.0,22.16,6.6,1598,52.68,4464,0
40.29,0.63,29.39,9.12,1463,74.78,1138,0
70.68,0.88,28.0,9.84,1557,87.95,6759,1
64.31,1.84,31.11,8.37,1456,39.76,2738,1
73.33,1.87,20.44,8.21,1632,93.99,4229,1
51.76,1.06,13.27,9.69,1553,80.5,2649,0
70.89,1.73,14.54,8.06,1502,48.66,139,0
55.07,0.72,15.11,7.81,1648,76.92,140,0
65.26,0.57,23.73,7.9,1662,88.64,2681,0
64.84,1.19,15.26,6.97,1713,55.51,4145,0
33.75,0.84,29.29,7.57,1671,41.84,4168,0
30.63,0.24,29.94,8.1,1761,49.83,1571,0
42.9,2.07,20.78,5.71,1646,87.06,7968,1
51.31,1.96,21.55,6.52,1679,61.63,1304,0
71.23,0.44,18.91,9.42,1750,81.77,6677,0
52.14,1.63,34.49,7.49,1519,80.43,5905,0
35.56,1.73,28.91,8.85,1639,73.23,4434,0
65.0,0.66,16.72,9.45,1760,65.81,379,0
35.78,0.54,34.46,7.42,1715,96.86,1184,0
74.69,0.55,19.74,5.94,1557,72.5,3101,0
32.85,0.76,10.33,8.83,1618,68.64,2063,0
71.9,0.28,28.35,8.87,1670,66.2,4013,0
32.38,1.76,12.32,7.12,1665,64.93,5052,0
35.11,2.39,22.91,7.4,1563,96.38,7064,1
57.93,2.01,16.06,5.75,1545,94.51,7677,1
31.19,2.14,15.91,5.7,1716,96.16,6450,0
57.28,0.7,30.96,9.77,1533,64.2,8961,0
30.93,2.39,16.04,8.97,1639,97.73,942,0
60.05,2.44,8.64,6.68,1617,96.83,706,1
52.35,1.65,19.48,9.06,1540,63.69,6099,0
34.24,0.14,30.27,6.81,1794,72.86,1189,0
61.04,0.92,18.83,7.96,1628,59.8,8524,0
41.82,0.37,34.14,6.31,1591,46.34,7175,0
70.37,1.33,16.44,7.55,1524,73.81,8825,1
56.78,1.62,14.74,6.31,1520,43.49,4460,0
56.91,0.27,10.25,5.34,1490,36.94,2371,0
65.89,0.59,26.62,8.24,1679,66.81,3767,0
41.09,1.53,27.76,6.3,1760,36.2,4391,0
66.74,1.64,32.2,9.22,1596,53.98,1021,1
44.41,0.51,26.29,5.18,1626,41.62,8128,0
34.95,1.24,9.16,5.11,1510,98.97,3470,0
49.15,2.22,18.57,9.93,1497,88.65,5278,0
70.91,2.35,22.35,6.21,1583,92.91,7774,1
38.92,0.43,25.2,9.33,1577,63.86,2097,0
57.05,1.93,33.74,8.82,1698,36.65,3502,0
50.89,1.04,11.08,6.38,1527,76.87,1934,0
73.3,0.26,16.89,6.72,1621,35.25,8547,0
42.66,0.44,33.84,5.13,1707,48.95,6978,0
63.49,0.95,11.1,5.77,1525,80.29,3376,0
52.79,0.97,29.8,5.64,1745,90.51,1841,0
52.26,2.29,20.23,8.21,1526,48.24,680,0
40.51,1.6,23.58,5.65,1536,88.52,239,0
73.23,1.2,12.69,7.84,1506,65.92,5107,0
41.87,0.78,32.33,9.16,1795,58.43,1867,0
31.12,0.59,34.04,5.09,1783,75.63,6661,0
37.25,0.91,12.14,6.02,1781,49.02,1432,0
55.81,0.42,19.26,7.91,1593,39.28,7836,0
50.39,0.84,34.35,6.8,1502,44.49,1444,0
64.1,2.12,26.92,7.26,1555,80.53,8324,1
36.65,2.2,22.76,8.27,1563,98.57,3792,0
52.59,1.76,24.54,7.71,1475,68.96,5652,0
57.16,0.83,17.29,5.48,1621,75.17,5858,0
65.96,0.61,30.29,6.57,1760,42.69,2330,0
31.22,0.73,8.56,9.05,1523,88.66,1014,0
56.06,1.96,13.77,6.01,1646,41.38,1358,0
72.41,1.12,23.1,5.05,1773,71.71,4840,0
64.12,0.15,24.38,8.83,1562,71.57,4843,0
65.66,2.07,28.0,6.48,1690,51.06,716,1
57.98,1.06,19.82,9.96,1645,51.41,2122,0
57.61,2.11,18.48,9.38,1673,52.25,586,0
36.02,1.09,16.74,8.29,1538,72.29,8280,0
67.0,1.98,34.18,7.84,1572,83.3,3248,1
66.02,2.3,11.35,7.34,1517,87.86,2094,1
60.05,0.84,33.59,6.59,1615,61.34,8480,1
30.1,2.45,26.52,5.75,1719,87.79,6402,1
39.54,1.44,29.46,9.95,1762,69.03,3808,0
74.17,1.2,8.9,5.08,1760,50.15,8131,0
61.15,1.03,26.3,8.17,1789,39.34,5546,0
47.09,0.47,25.76,6.71,1719,98.63,5423,0
62.11,1.4,16.21,7.41,1469,56.7,6124,0
45.12,0.17,17.05,8.46,1558,75.63,3305,0
65.2,1.17,34.22,7.85,1581,51.96,3561,0
59.46,0.46,24.67,9.73,1745,94.18,6789,1
46.66,1.65,10.26,5.78,1534,75.82,6088,0
70.03,2.04,18.13,9.34,1708,35.02,2466,0
53.71,2.16,24.61,8.07,1728,62.83,867,0
47.61,0.25,9.67,8.37,1647,51.82,1180,0
61.08,0.21,30.09,7.41,1710,79.08,3433,0
36.9,1.53,28.03,5.98,1554,72.57,5348,0
63.22,0.84,15.69,6.82,1671,58.66,772,0
64.75,1.61,20.19,9.63,1510,52.09,1623,0
43.98,2.3,8.16,6.03,1598,82.9,5053,0
52.66,0.91,22.46,9.9,1566,78.15,1167,0
70.7,0.21,26.93,7.1,1767,64.85,6497,0
63.2,1.96,24.4,9.73,1767,87.08,7381,1
61.99,1.25,32.3,7.05,1569,91.64,583,1
47.0,1.6,19.44,6.99,1494,73.74,1869,0
44.98,1.28,29.83,5.55,1662,82.89,973,0
48.47,0.3,25.14,9.04,1631,35.47,6037,0
56.4,0.28,26.03,8.53,1645,42.88,4938,0
35.56,0.32,14.96,9.79,1646,63.31,6104,0
32.89,0.99,16.11,9.29,1599,35.97,8690,0
55.26,1.07,13.88,8.26,1451,81.58,6746,0
34.39,1.13,31.03,8.92,1562,55.87,5852,0
43.25,0.18,30.74,6.74,1699,57.01,6898,0
58.16,1.02,29.88,6.48,1722,80.58,2771,0
34.07,2.41,26.81,6.05,1514,77.87,4008,0
62.34,2.2,25.4,5.52,1542,86.86,1676,1
33.46,2.09,32.69,5.83,1523,86.08,1603,1
70.66,0.11,24.97,5.24,1504,93.41,3624,1
65.73,0.14,11.55,5.39,1736,97.2,3822,0
40.77,0.67,11.81,7.86,1570,60.95,7767,0
34.83,0.47,17.84,9.85,1500,46.66,5319,0
67.26,0.19,20.2,7.76,1692,59.0,2833,0
53.41,0.8,14.01,8.6,1558,96.77,1731,0
68.81,1.34,30.26,8.79,1480,82.47,4269,1
65.7,2.45,21.44,5.46,1515,66.06,8013,1
38.11,0.24,22.64,9.39,1687,67.91,1763,0
50.52,2.46,33.81,8.99,1708,58.07,845,0
59.77,2.18,17.38,7.32,1526,71.2,116,0
69.78,1.32,15.1,6.38,1701,86.68,241,1
72.06,2.45,33.16,5.94,1455,83.03,7032,1
74.99,0.23,29.32,7.68,1553,42.92,5217,0
37.86,1.32,19.82,5.45,1738,74.53,8271,0
57.34,2.5,8.39,6.09,1504,40.67,1143,0
48.48,0.59,12.92,5.99,1734,35.94,1261,0
62.4,0.83,22.59,7.4,1498,35.91,3754,0
41.04,2.4,27.16,6.77,1783,45.68,350,0
71.11,1.29,22.61,7.05,1608,53.49,8684,0
52.54,1.81,28.75,8.77,1525,50.32,299,0
43.87,0.63,33.51,8.23,1618,39.1,7106,0
51.27,1.59,8.8,5.25,1556,97.66,5122,0
42.64,0.4,23.15,8.97,1610,61.31,4320,0
66.64,1.43,13.49,9.12,1485,45.24,1474,0
40.08,0.78,16.75,8.74,1713,54.15,6415,0
33.79,1.69,29.09,7.32,1559,61.42,1744,0
69.95,0.23,10.92,6.29,1720,46.59,3321,0
68.07,2.36,34.67,5.25,1737,87.73,4343,1
47.89,0.83,8.27,7.02,1643,49.39,1221,0
48.87,1.53,15.23,8.73,1545,66.27,4300,0
72.33,2.12,8.29,6.58,1683,69.65,4599,0
31.36,1.95,29.57,5.12,1658,85.29,2418,1
51.82,1.68,25.53,5.71,1453,65.91,2245,0
30.47,1.86,23.26,6.05,1714,95.1,6925,1
64.68,0.88,23.16,5.83,1539,81.38,7628,0
37.74,0.26,25.77,9.72,1596,66.3,7272,0
38.76,0.55,33.4,5.69,1656,70.99,8591,0
58.98,0.27,34.89,6.66,1637,55.12,8644,1
54.09,1.98,11.51,9.02,1668,97.33,7275,1
41.75,1.89,13.21,5.36,1596,88.67,4724,0
37.26,2.36,31.4,10.0,1745,65.11,8278,1
67.17,1.64,20.59,6.63,1585,41.2,3737,0
49.72,0.87,31.73,5.17,1579,79.76,680,0
40.58,0.46,26.41,6.96,1503,56.3,4586,0
61.07,0.83,29.25,8.46,1499,98.16,2920,1
39.71,0.91,14.8,7.97,1763,39.01,2177,0
61.09,0.35,16.94,6.87,1704,66.35,177,0
40.35,0.4,23.39,7.72,1661,74.81,3595,0
38.53,0.87,14.05,7.19,1793,45.77,8833,0
48.13,1.14,15.34,9.64,1499,76.14,8845,0
50.19,0.29,30.66,9.92,1734,97.61,2339,0
32.84,0.87,20.11,7.74,1779,68.2,5424,0
60.75,1.8,16.28,6.03,1697,59.55,4551,0
65.71,1.99,25.43,9.39,1730,62.49,8677,1
69.81,2.31,9.87,5.26,1731,89.68,6723,1
54.7,0.1,34.69,9.63,1600,42.8,5130,0
64.06,0.81,33.22,6.56,1517,72.58,5715,0
45.0,0.58,22.87,5.68,1509,95.17,8311,0
35.6,1.85,15.76,9.33,1766,93.98,7039,1
43.17,0.74,30.9,5.44,1786,67.48,6778,0
49.35,0.36,30.25,6.35,1604,68.77,2250,0
61.25,1.28,24.01,6.02,1466,63.77,7551,1
32.52,1.37,15.46,6.44,1648,70.6,1335,0
41.22,2.03,11.14,5.18,1530,59.88,8910,0
48.68,1.87,33.41,5.53,1532,75.41,3531,0
68.31,1.1,32.32,6.34,1582,74.0,3033,0
68.56,0.55,19.63,5.11,1478,38.54,4980,0
73.95,2.12,14.59,9.44,1709,92.83,7010,1
58.79,1.75,13.86,9.05,1742,75.18,1177,0
66.2,1.14,10.06,6.09,1664,62.43,158,0
71.54,0.13,22.38,5.82,1621,45.73,8920,0
50.54,1.43,15.16,9.16,1787,58.49,8385,0
73.7,1.66,14.88,7.19,1555,87.35,1421,1
38.9,0.48,22.98,9.65,1546,85.74,6970,0
71.2,0.56,11.87,5.16,1613,60.19,953,0
53.42,2.0,10.05,8.16,1716,53.7,6018,0
56.91,0.18,8.71,9.35,1506,97.0,2488,0
70.47,0.67,24.19,7.68,1728,46.49,7632,1
51.33,0.69,34.64,8.02,1793,65.58,6840,0
68.47,2.06,11.64,9.11,1587,54.52,3766,0
43.86,2.42,26.75,6.49,1724,80.76,3093,0
50.72,1.55,28.8,7.96,1515,47.88,7977,1
43.38,0.45,30.14,8.42,1700,54.22,377,0
39.61,0.25,33.92,6.69,1600,79.8,5194,0
49.99,0.94,25.71,7.55,1674,43.65,7471,0
51.08,0.57,11.65,6.54,1723,84.75,8653,0
62.99,1.24,26.91,6.98,1548,46.19,1204,0
41.91,2.18,29.64,8.28,1482,76.81,7305,1
47.69,1.87,9.31,6.67,1450,64.26,5122,0
73.01,2.2,10.71,6.82,1739,56.04,3046,0
31.08,0.26,29.13,5.65,1682,39.81,311,0
38.74,1.41,13.31,5.42,1457,54.54,244,0
37.57,0.66,25.8,5.12,1743,74.91,3172,0
69.34,2.01,13.58,8.38,1484,36.25,4804,0
54.2,1.29,32.92,6.26,1655,87.37,707,0
61.28,1.69,22.77,7.08,1613,85.99,6971,1
39.04,1.57,29.46,6.75,1697,66.79,8656,1
44.38,0.51,28.48,6.51,1785,52.5,8351,0
39.62,0.93,16.63,9.28,1657,55.23,4685,0
62.24,0.58,18.31,6.82,1505,56.64,3764,0
32.42,2.05,20.9,5.57,1800,49.22,4102,0
74.8,1.76,29.97,8.37,1502,96.16,2356,1
58.97,1.99,10.05,7.93,1560,39.71,7084,1
30.5,0.26,30.91,7.3,1767,72.74,3266,0
66.56,0.71,20.42,9.22,1596,80.05,2598,0
58.66,0.23,11.54,7.64,1534,37.85,1157,0
38.08,0.62,14.51,8.54,1769,57.5,5006,0
41.86,2.18,27.24,6.06,1748,53.78,7068,1
30.82,0.66,34.67,5.57,1461,65.23,1292,0
59.6,0.45,34.73,8.0,1756,87.92,2527,1
47.82,2.34,21.97,6.97,1766,95.46,4574,0
64.36,2.34,9.37,5.6,1477,88.76,8596,1
38.06,0.12,31.44,8.75,1773,59.02,5189,0
46.25,0.26,33.4,9.35,1492,94.23,7331,1
49.0,1.17,26.5,5.65,1634,97.64,5882,0
54.14,2.35,9.03,5.85,1765,47.19,469,0
44.64,0.59,27.32,5.5,1757,94.36,4718,0
35.74,2.09,34.86,6.89,1524,96.06,322,1
45.41,0.53,25.16,7.94,1704,64.79,2884,0
70.79,0.93,26.92,6.6,1525,68.51,2228,0
59.15,0.91,24.07,9.13,1681,97.63,5746,1
61.02,1.81,17.94,7.27,1593,95.83,3551,1
60.27,0.14,30.24,9.7,1773,40.36,3200,0
49.67,2.26,14.81,8.79,1674,78.53,3186,0
34.78,0.22,16.38,6.26,1593,65.54,5769,0
37.7,0.91,27.23,9.66,1719,98.59,201,0
34.99,0.5,24.5,7.42,1768,41.42,178,0
73.3,1.65,14.52,8.69,1792,49.57,8986,1
52.44,0.81,28.92,7.46,1778,38.12,2310,0
74.3,1.25,20.85,5.62,1651,93.16,1895,0
67.57,2.21,10.63,7.21,1677,66.66,1837,0
73.85,1.65,11.46,6.32,1633,63.8,5789,0
64.04,0.11,17.11,8.68,1769,66.89,3032,0
43.04,1.33,22.59,8.32,1648,55.47,5340,0
31.22,0.85,15.75,9.76,1632,86.14,5782,0
42.19,1.82,21.59,6.05,1574,85.31,8628,1
55.27,1.6,23.32,8.22,1626,49.61,8719,0
47.84,0.29,33.15,5.78,1531,65.98,155,0
63.7,2.33,23.97,6.78,1760,99.83,1200,1
56.27,2.35,17.57,9.73,1636,100.0,3968,0
53.67,0.55,31.47,5.27,1696,69.44,2994,0
67.38,1.54,24.43,8.21,1727,85.88,5798,1
72.29,1.61,18.86,6.87,1647,50.22,833,0
53.36,0.82,10.02,9.15,1554,90.63,7174,0
73.0,0.51,28.57,9.71,1598,49.8,2588,0
55.46,1.71,10.85,9.04,1720,92.47,3855,0
61.83,1.92,30.47,9.1,1461,86.24,8717,1
44.05,2.07,16.72,7.86,1581,71.77,3523,0
45.49,0.58,12.91,7.82,1519,78.18,2090,0
39.42,0.21,17.98,6.04,1623,64.24,4562,0
67.57,0.95,33.19,9.14,1554,42.98,3093,0
47.54,1.27,17.33,5.79,1770,59.98,6962,0
63.14,0.16,16.03,6.34,1583,48.82,2102,0
53.34,0.97,10.23,9.15,1579,53.85,3342,0
72.28,1.14,19.51,6.85,1527,65.42,1984,0
63.33,2.46,29.24,9.35,1739,46.65,3828,1
73.72,1.83,15.88,6.87,1544,85.77,6193,1
60.77,2.05,34.53,5.16,1698,68.08,1119,1
55.17,0.71,32.38,8.83,1745,47.52,1171,0
55.45,0.92,26.42,6.44,1578,96.55,4434,0
60.84,1.97,27.29,6.6,1611,35.75,1567,1
58.28,1.35,27.0,6.76,1564,51.95,7049,1
54.27,1.71,17.62,7.24,1494,43.14,8278,0
68.33,0.31,26.12,7.63,1611,36.6,7986,1
45.81,0.12,12.42,5.9,1452,82.97,7451,0
57.22,0.4,27.43,6.63,1473,92.22,6498,0
48.84,2.47,11.82,6.39,1487,64.18,5056,0
70.05,1.45,26.31,6.51,1628,87.47,1352,1
36.25,1.25,31.4,8.52,1747,97.15,6554,1
34.36,2.29,12.56,8.63,1539,94.56,1731,0
72.18,0.37,30.75,5.82,1614,77.42,7070,1
39.7,1.85,16.06,8.83,1589,64.98,3266,0
58.12,1.06,25.98,9.54,1725,80.81,6379,0
33.29,0.26,12.64,7.75,1581,98.17,2008,0
37.26,0.22,19.59,8.69,1636,54.63,380,0
30.72,1.41,19.74,6.26,1521,58.56,145,0
55.31,1.19,11.65,8.16,1657,82.24,8620,0
38.12,1.82,33.14,8.19,1597,95.14,2222,1
48.05,0.52,25.79,5.7,1479,36.85,7865,0
47.35,1.8,13.88,9.04,1766,76.89,3877,0
61.87,0.34,11.38,8.7,1703,43.89,2747,0
69.91,2.18,27.59,6.2,1773,36.24,4383,1
36.2,1.94,11.16,6.07,1750,80.46,2869,0
58.75,1.2,29.11,7.15,1691,93.49,655,1
57.03,1.77,23.58,7.74,1542,98.29,7347,1
32.86,1.02,17.26,8.17,1625,81.14,1552,0
41.77,1.44,32.01,6.79,1527,49.09,531,0
59.73,0.76,30.54,9.06,1630,49.93,4408,0
33.99,1.98,18.63,5.98,1472,42.68,3537,0
72.74,1.31,26.2,5.84,1637,78.92,5006,1
49.5,0.15,19.98,6.96,1509,36.98,8564,0
68.72,2.38,17.11,8.34,1691,81.84,5998,0
56.46,1.49,26.23,9.96,1671,60.27,8123,1
31.46,0.11,27.34,7.1,1609,84.7,7456,1
51.17,1.84,15.07,8.69,1639,89.48,593,0
55.55,2.37,12.64,5.69,1777,49.64,4204,0
53.45,1.25,21.97,5.87,1456,84.45,1197,0
72.82,0.72,17.99,9.04,1574,66.22,3601,0
54.29,1.25,10.11,5.05,1650,84.81,2611,0
54.31,0.77,16.22,6.85,1675,55.96,2772,0
71.43,0.19,24.09,7.89,1694,91.83,1754,1
61.83,0.29,27.4,6.05,1693,97.02,1698,1
54.81,0.56,33.09,7.62,1595,77.83,5843,0
41.23,1.08,30.58,7.45,1748,58.47,3799,0
61.7,0.42,10.18,6.31,1745,46.37,6953,0
53.98,0.71,23.03,8.71,1471,56.84,2291,0
64.77,2.19,12.07,9.23,1535,78.49,4655,0
42.61,2.47,20.8,5.09,1702,94.7,526,0
65.07,0.33,30.57,5.25,1566,51.84,1791,0
70.26,1.41,16.37,7.17,1595,41.88,4152,0
40.12,1.37,26.46,5.3,1576,73.32,6945,1
61.65,2.22,9.78,8.06,1534,89.4,7641,1
39.54,0.37,28.47,7.92,1482,98.18,5391,0
52.83,0.8,16.85,7.58,1661,69.09,6675,0
33.4,1.76,32.92,7.91,1559,44.43,2726,0
37.77,1.51,8.33,6.89,1782,68.37,3255,0
35.66,0.16,14.66,6.48,1749,94.75,7706,0
40.18,2.22,16.77,7.59,1632,50.57,726,0
64.64,1.16,12.61,8.05,1669,88.14,5112,0
46.5,1.33,28.76,7.99,1788,70.86,6938,1
31.12,2.14,33.48,8.42,1610,76.9,2771,0
54.12,2.09,25.43,7.98,1520,97.82,7353,1
38.11,2.06,29.49,8.2,1583,84.56,515,1
70.44,2.05,28.92,8.12,1755,86.65,3939,1
42.01,0.53,22.99,9.9,1668,59.06,6996,0
62.51,1.02,10.26,7.07,1730,65.65,5348,0
50.28,0.38,23.95,8.09,1740,92.62,3394,0
51.4,1.88,16.24,6.52,1752,66.79,420,0
72.33,1.82,13.36,7.39,1509,70.58,3008,0
45.85,0.47,12.18,7.05,1615,36.34,4142,0
43.57,1.99,15.93,6.14,1692,35.29,3725,0
31.32,1.3,27.99,8.04,1480,59.69,8285,1
51.39,1.66,26.75,6.47,1461,55.89,2156,0
60.69,1.72,11.35,6.36,1663,86.69,468,1
62.73,1.58,16.7,7.89,1508,67.7,8503,1
69.95,1.04,32.45,5.28,1752,53.28,1710,0
74.29,1.03,17.07,7.45,1467,49.75,4088,0
43.17,1.89,18.53,9.58,1798,43.65,696,0
36.42,1.06,29.43,8.81,1748,61.31,254,0
55.63,1.89,8.09,7.04,1503,90.19,6470,0
59.79,0.64,8.36,5.99,1573,99.8,5566,0
66.0,1.26,33.07,7.09,1664,43.74,4363,0
39.67,0.64,30.89,6.41,1525,45.4,4777,0
63.46,1.56,30.19,6.68,1592,67.0,537,1
58.28,0.25,29.53,8.85,1516,86.17,2878,1
67.07,1.09,8.2,9.18,1525,94.25,4444,0
62.88,1.27,10.07,6.83,1700,97.44,4096,0
71.73,0.71,13.13,9.92,1612,40.46,4549,0
54.83,1.34,14.47,8.05,1476,37.69,1141,0
61.23,0.68,26.7,7.71,1619,67.14,6699,1
39.81,1.96,8.94,8.86,1562,53.19,2075,0
70.18,2.2,22.68,6.67,1710,61.14,3048,0
44.03,1.31,27.83,5.57,1747,62.13,6493,0
37.98,0.4,30.34,8.08,1522,78.05,3880,0
46.96,1.4,19.5,7.21,1634,78.65,7414,0
30.65,0.62,22.13,5.0,1672,65.01,7727,0
54.7,1.2,10.93,9.99,1470,75.96,827,0
37.73,0.77,22.85,9.83,1625,78.87,5632,0
63.96,2.37,27.14,6.5,1785,49.52,140,1
73.01,1.96,34.19,9.19,1583,57.94,2705,1
57.55,1.97,31.03,5.52,1629,65.86,2533,0
36.36,2.17,21.55,8.3,1618,76.35,7024,0
46.26,0.24,22.58,6.14,1665,85.16,4411,0
69.07,1.32,17.47,7.15,1620,44.23,1342,0
48.2,0.51,9.64,9.92,1509,70.07,3992,0
70.29,0.37,27.5,9.62,1526,48.45,4901,0
72.76,1.48,12.42,9.75,1791,57.31,3139,0
64.86,0.92,26.74,8.2,1520,64.28,6247,0
66.16,1.2,25.58,6.07,1606,84.24,2643,1
61.58,1.66,15.17,7.72,1679,74.46,5062,0
46.87,0.93,15.98,8.8,1743,37.49,7706,0
36.63,1.99,26.8,8.39,1706,67.72,4235,0
52.23,0.56,32.27,7.82,1666,86.7,8008,1
53.49,1.98,32.07,5.04,1706,89.67,3713,1
47.39,0.46,12.41,8.73,1460,57.86,7506,0
72.31,1.86,19.3,5.9,1564,61.5,3647,0
41.28,1.68,20.24,7.12,1636,68.77,2102,0
33.91,1.03,28.5,5.97,1450,70.59,7733,0
52.81,0.86,20.65,8.0,1698,65.18,383,0
54.43,0.88,8.54,7.13,1490,73.53,4584,0
40.71,0.18,25.63,8.26,1530,58.43,548,0
61.0,2.49,22.51,7.44,1483,83.7,2229,1
41.94,1.27,23.12,9.67,1551,89.99,6962,0
44.03,1.25,15.92,5.71,1756,64.35,2626,0
66.48,0.14,8.26,7.25,1508,69.21,3144,0
60.14,0.29,15.61,5.23,1777,97.03,1458,0
72.28,0.71,18.22,7.45,1451,65.28,2032,0
74.71,0.79,24.77,8.3,1711,94.93,3466,1
69.76,1.64,29.79,9.11,1459,71.0,8989,1
31.52,2.35,9.87,7.02,1636,81.31,1078,0
46.98,2.47,29.78,6.96,1753,89.78,7140,1
30.11,2.12,34.01,9.67,1588,43.59,6186,0
37.88,1.37,19.81,6.23,1623,85.85,909,0
62.48,0.23,33.93,8.59,1780,40.7,749,0
35.84,0.72,27.4,8.7,1632,99.54,1059,0
46.92,0.22,18.1,7.9,1702,56.23,1099,0
45.35,1.48,23.33,7.96,1760,75.82,7043,0
42.41,2.24,8.16,6.32,1554,90.43,5865,0
39.62,0.69,24.28,5.66,1554,87.2,7410,1
53.87,1.1,18.67,6.51,1725,37.23,5139,0
40.76,1.04,34.13,5.05,1503,99.35,707,0
44.33,2.34,24.79,9.91,1516,47.2,6369,0
52.74,1.02,13.32,6.51,1672,68.7,1712,0
50.2,1.9,34.03,7.18,1780,67.29,5381,0
40.8,0.41,30.22,9.5,1495,82.39,8725,1
38.81,1.62,16.49,5.83,1470,61.77,4820,0
35.88,2.33,10.07,7.29,1698,94.33,8199,1
49.28,2.48,20.02,5.96,1713,62.07,7643,0
67.73,0.28,26.78,8.88,1482,62.55,491,0
45.65,0.28,24.72,5.03,1587,78.98,5002,0
40.97,1.35,10.94,8.41,1781,73.11,3072,0
31.21,2.28,31.69,8.7,1639,64.81,3951,0
61.4,1.55,12.3,7.68,1650,89.99,5747,1
40.0,2.14,21.39,6.37,1469,98.22,7832,1
49.67,2.45,20.21,5.63,1579,77.42,3978,0
72.29,2.04,23.8,8.44,1588,70.53,7022,1
54.32,0.65,8.28,5.04,1762,87.02,5874,0
69.52,0.67,13.99,9.14,1630,45.43,3404,0
64.29,1.99,25.95,7.76,1510,67.16,1686,1
32.76,1.42,29.22,9.29,1606,66.13,2335,0
45.96,2.15,33.63,5.92,1629,45.41,2493,0
43.38,1.73,10.78,5.43,1591,73.59,500,0
45.17,2.35,30.28,6.4,1536,51.69,7966,1
34.17,1.59,15.69,8.86,1776,64.03,2617,0
48.1,0.65,28.01,8.28,1464,83.19,4340,0
31.1,0.95,14.63,9.33,1721,57.01,7214,0
47.67,0.11,15.1,7.55,1613,76.25,6662,0
60.53,0.43,10.9,9.08,1564,48.07,5824,0
47.21,1.67,13.48,7.42,1484,51.43,1639,0
51.44,2.19,29.56,9.24,1501,46.33,7139,1
69.55,0.12,21.75,7.57,1589,81.79,1468,0
59.6,1.14,34.42,8.21,1614,87.27,6698,1
45.96,0.29,13.2,6.03,1451,62.18,3257,0
64.15,2.28,31.53,6.07,1743,82.33,2942,1
73.67,0.62,12.19,7.86,1637,56.81,985,0
67.65,2.13,14.63,9.07,1477,56.4,1715,0
62.6,0.19,16.15,8.56,1734,95.67,1090,0
69.13,1.94,23.79,9.25,1566,65.52,8981,1
44.22,0.26,20.46,8.12,1763,65.01,4803,0
73.17,0.62,28.64,9.16,1738,42.22,8990,1
53.9,0.13,9.23,7.96,1690,82.07,2482,0
53.36,1.48,10.29,8.39,1604,84.58,2389,0
39.14,1.6,26.43,7.56,1621,87.2,3789,1
33.12,0.61,17.14,8.6,1506,64.12,7352,0
72.74,1.06,21.4,8.69,1749,39.18,2139,0
53.38,1.26,15.78,8.41,1540,77.26,7088,0
67.57,1.5,9.41,7.5,1482,61.78,1316,0
51.29,0.6,17.93,6.97,1473,92.28,5221,0
52.9,1.1,10.22,6.3,1633,72.57,4393,0
58.55,1.06,24.5,7.55,1638,40.03,1738,0
36.01,1.03,19.31,5.79,1511,88.21,7827,0
63.6,1.11,22.21,6.54,1676,90.49,5422,0
41.46,1.9,12.5,7.44,1685,97.08,5085,0
70.74,1.88,12.72,5.43,1480,59.08,5782,0
57.12,2.33,8.13,6.23,1626,43.68,6379,0
45.52,0.86,15.04,9.26,1724,63.22,5175,0
61.26,0.57,27.54,5.06,1499,61.11,1398,0
36.22,1.13,23.66,6.01,1761,59.22,3700,0
41.08,0.69,21.14,7.55,1687,54.86,4000,0
64.45,2.18,21.71,7.33,1603,78.42,7000,1
62.38,0.76,15.43,9.15,1503,73.48,7700,0
46.63,1.12,34.86,6.08,1710,66.65,5373,0
65.9,0.58,20.29,8.29,1539,78.29,4886,0
50.54,2.11,26.57,5.81,1691,74.61,3172,0
70.05,2.4,31.78,5.19,1642,60.78,3087,1
37.39,1.75,15.11,9.85,1745,86.2,2033,0
56.95,1.17,9.87,7.04,1777,50.93,3221,0
53.48,1.42,31.07,7.66,1684,37.83,7812,1
54.06,2.14,30.61,5.33,1636,75.18,8425,1
70.05,2.32,33.58,6.3,1602,92.8,3455,1
72.58,1.06,23.77,7.73,1501,49.37,1130,0
56.27,1.21,9.72,9.73,1720,37.32,8135,0
64.56,0.11,14.19,7.66,1458,95.88,5877,0
68.35,2.13,15.25,9.8,1539,89.43,7634,1
57.86,2.44,14.19,8.91,1655,58.01,5147,0
43.41,1.63,16.16,5.25,1666,57.16,8210,0
54.79,0.55,34.47,8.03,1640,84.04,2487,0
72.84,0.43,31.64,8.55,1593,46.09,5021,0
46.54,0.21,29.37,9.25,1668,40.21,3452,0
69.03,0.89,10.27,6.02,1464,70.29,6209,0
67.66,2.08,28.4,5.53,1508,44.49,8913,1
72.45,1.45,34.35,6.69,1675,60.37,8186,1
34.23,1.51,30.91,7.66,1511,55.21,7511,1
67.65,0.9,20.15,6.26,1615,54.85,5777,0
50.13,2.21,34.67,5.23,1726,49.41,4819,0
69.67,1.5,9.74,5.74,1501,74.75,7543,1
67.96,2.16,20.3,8.67,1603,98.05,8862,1
30.29,2.41,34.61,9.94,1593,37.65,4455,0
71.88,0.15,26.41,7.55,1709,82.2,2178,1
65.0,1.08,32.29,9.42,1661,93.98,473,1
37.29,1.43,13.73,7.04,1792,44.56,3729,0
41.17,1.14,30.99,9.11,1508,69.07,8835,0
32.07,0.88,33.86,8.63,1745,52.33,4838,0
48.83,0.31,22.55,9.89,1505,79.85,8787,0
55.71,0.12,12.64,5.97,1469,82.99,6737,0
40.77,1.61,22.96,8.53,1555,98.72,3173,0
41.78,2.32,20.7,9.03,1470,60.44,4526,0
37.9,2.23,33.81,6.41,1615,66.43,6483,0
50.19,0.88,28.09,6.72,1750,40.78,8972,0
37.2,0.73,12.86,7.24,1459,81.69,679,0
54.98,1.86,13.81,7.93,1600,37.72,4054,0
31.44,0.47,15.67,8.75,1658,62.52,8174,0
44.06,0.42,26.12,9.27,1668,74.48,1524,0
33.81,1.04,16.59,9.73,1659,89.27,1658,0
70.49,2.16,14.73,5.68,1457,48.77,2886,0
60.93,1.4,14.94,8.31,1506,84.39,1700,1
53.45,2.5,22.1,6.2,1756,97.14,1514,0
57.19,1.71,20.67,6.48,1793,35.68,8579,0
66.34,2.25,34.08,9.77,1623,54.89,1105,1
72.41,2.29,13.63,7.81,1547,92.98,7248,1
42.19,1.21,8.02,9.31,1461,92.07,7174,0
73.62,0.67,18.39,7.93,1458,49.43,2130,0
36.67,1.19,13.18,8.83,1620,84.75,4481,0
70.65,1.91,23.34,9.47,1703,80.68,8431,1
70.06,0.1,18.81,9.64,1765,73.87,7837,0
44.06,0.91,34.4,8.84,1583,37.87,552,0
55.87,1.39,24.08,8.46,1514,99.21,2561,1
47.26,0.61,19.1,5.24,1567,95.43,2087,0
38.51,1.77,25.63,7.34,1470,41.52,4527,0
41.72,0.84,14.52,9.37,1779,98.29,2232,0
65.88,2.18,13.18,6.58,1562,66.11,3296,0
69.84,1.27,25.5,8.23,1592,50.63,1518,0
71.26,1.89,26.14,7.7,1740,49.42,8514,1
56.42,1.65,29.54,7.43,1485,42.37,423,0
40.45,1.46,28.6,7.86,1476,36.68,866,0
47.33,2.37,10.93,7.57,1488,89.58,8434,1
31.34,1.17,23.39,9.93,1780,40.88,8913,0
64.82,2.41,13.68,8.82,1708,43.34,1090,0
33.81,1.17,16.71,7.5,1492,83.88,5901,0
30.62,2.3,17.12,9.76,1720,65.61,2190,0
35.8,0.9,16.96,5.3,1748,91.64,8682,0
59.6,2.11,12.97,5.28,1585,47.62,5594,0
39.43,0.69,18.67,9.56,1767,73.96,7160,0
65.31,1.11,11.87,9.65,1595,98.5,8793,1
52.06,1.71,23.09,9.73,1710,83.29,8135,1
33.6,0.78,19.01,7.75,1660,79.55,4044,0
64.2,2.39,11.06,6.98,1493,80.09,5796,0
54.4,2.49,8.72,8.54,1559,48.42,7164,0
68.58,1.56,26.91,7.25,1519,87.19,5283,1
42.74,1.94,13.1,8.33,1725,95.04,5177,0
39.33,1.96,20.31,6.34,1731,55.01,5155,0
34.5,1.25,15.89,7.2,1573,73.99,8583,0
44.95,2.29,9.25,7.93,1489,45.55,1738,0
38.23,0.88,19.24,7.86,1702,50.88,4960,0
60.57,1.18,24.24,5.01,1670,39.18,3228,0
47.26,2.32,11.4,9.22,1656,43.2,2022,0
62.71,0.7,29.74,8.03,1517,61.79,6359,0
48.01,1.01,14.43,9.79,1516,76.95,4978,0
56.29,0.93,31.99,7.05,1664,70.98,747,0
58.31,1.03,19.09,9.13,1634,43.01,2998,0
32.23,1.11,8.2,9.02,1493,41.36,8047,0
32.78,1.04,22.07,5.04,1647,83.21,4842,0
73.32,1.1,22.74,9.22,1759,98.75,8165,1
32.38,2.39,33.98,7.84,1471,97.48,4434,1
45.74,2.2,8.2,8.56,1460,70.1,5648,0
68.18,2.29,32.38,9.4,1563,72.59,7833,1
44.84,1.49,31.3,7.09,1623,92.66,4462,1
48.07,1.8,24.72,8.12,1458,53.75,4686,0
73.2,0.22,33.39,6.24,1750,79.32,5306,0
37.85,1.05,10.91,5.85,1605,43.74,5835,0
62.67,1.97,9.88,9.05,1651,56.09,699,0
46.9,2.41,13.97,5.96,1691,44.97,2221,0
49.29,0.74,24.09,5.44,1677,44.89,2832,0
51.17,2.5,30.03,5.23,1773,39.42,5009,0
41.99,0.47,30.54,6.67,1781,97.92,887,0
46.46,1.12,17.12,8.73,1734,72.66,1496,0
61.35,1.39,27.75,7.38,1622,45.37,8301,1
42.64,0.22,15.38,6.63,1598,77.8,4920,0
44.59,2.46,24.69,6.12,1515,74.27,2121,0
47.2,2.45,34.31,6.46,1646,88.76,2264,1
65.98,2.29,12.39,7.84,1456,71.65,646,0
57.65,0.24,17.18,9.98,1781,94.09,6562,0
66.95,0.77,15.71,5.03,1486,90.22,545,0
72.89,2.31,27.06,8.5,1492,87.91,5018,1
48.38,1.49,25.45,6.77,1767,78.74,5685,0
37.71,0.93,11.31,5.45,1600,38.28,3830,0
34.42,0.82,19.5,6.63,1751,65.58,3141,0
61.19,0.57,18.98,6.17,1563,77.48,5511,0
41.64,0.88,29.81,5.04,1620,48.06,762,0
65.51,1.74,18.1,8.96,1758,78.62,1914,0
70.74,1.92,31.42,7.89,1576,95.48,3913,1
71.78,1.31,10.56,5.47,1643,85.45,1121,1
31.65,2.44,11.15,9.37,1457,90.8,5201,0
73.97,1.13,32.82,7.68,1706,60.0,4729,0
44.48,2.32,33.84,6.72,1472,62.05,5911,0
35.19,0.61,18.72,8.46,1647,71.54,1606,0
31.87,1.26,17.73,9.69,1613,75.47,2862,0
33.31,0.36,29.04,5.99,1706,45.03,6119,0
69.21,1.36,27.19,7.44,1726,78.05,5446,1
38.66,2.05,34.83,8.01,1467,75.88,3182,0
47.39,0.93,24.51,6.53,1506,88.36,7963,1
70.31,0.55,11.3,6.72,1762,63.51,3561,0
55.21,0.3,15.88,7.35,1725,74.05,6266,0
31.01,1.24,20.37,5.13,1774,74.4,8113,0
57.86,0.73,10.26,8.43,1617,83.1,7419,0
74.59,1.86,16.79,6.75,1460,71.54,6031,0
57.15,1.47,30.04,6.64,1616,50.13,5140,0
47.46,1.8,30.73,9.89,1568,98.08,942,1
48.53,1.3,10.22,6.59,1453,68.95,2361,0
61.49,1.28,14.23,9.58,1564,84.61,4835,0
45.28,1.54,17.32,5.82,1607,97.03,2275,0
34.4,0.7,20.52,9.9,1775,82.06,4262,0
70.68,0.57,31.71,7.88,1533,95.01,5777,1
60.22,1.4,32.99,7.42,1567,91.04,5978,1
66.47,0.74,14.97,9.95,1650,97.95,4584,0
62.97,0.34,23.06,7.59,1769,99.98,6838,1
39.71,2.21,29.82,8.02,1538,84.13,7849,1
54.33,1.46,9.13,5.73,1496,37.64,4993,0
44.06,0.48,29.99,5.32,1752,76.14,837,0
63.98,2.06,33.12,7.7,1588,39.51,3873,1
66.84,1.29,24.91,5.96,1531,39.91,3381,0
56.46,1.24,31.14,6.92,1671,79.05,7050,0
71.48,1.87,28.21,5.65,1571,36.31,405,1
38.68,1.73,29.27,7.7,1790,73.57,8693,1
60.18,2.3,14.68,7.71,1646,77.02,4724,0
38.87,1.82,21.64,8.57,1709,65.29,874,0
54.59,1.93,15.71,8.41,1454,42.88,3298,0
49.42,0.85,25.55,8.71,1625,61.05,6768,0
32.39,2.03,16.43,7.6,1712,60.49,8514,0
73.5,0.83,25.09,5.4,1771,59.99,6906,1
36.26,0.74,26.11,9.17,1514,89.53,8865,1
42.28,0.61,16.74,7.47,1702,91.92,5080,0
30.38,1.51,33.22,8.57,1467,90.76,806,1
50.56,1.41,10.25,9.27,1733,73.64,7332,0
59.71,1.72,15.22,7.75,1650,37.22,6957,1
44.91,0.89,12.36,5.5,1579,50.37,159,0
69.09,0.75,16.91,9.3,1615,63.01,4628,0
50.76,2.29,17.96,8.15,1470,63.22,3822,0
52.42,0.86,23.04,9.39,1489,65.83,7086,0
31.48,2.46,10.19,8.05,1757,63.87,139,0
67.05,2.33,12.92,6.5,1771,83.56,5452,1
67.38,2.4,20.44,8.6,1534,93.59,6779,1
57.59,1.07,13.5,7.99,1524,63.13,1844,0
32.81,1.55,19.69,6.8,1788,76.04,7870,0
50.38,1.98,9.83,5.63,1586,93.04,660,0
56.77,1.72,34.85,5.22,1577,93.31,1665,1
41.17,0.98,8.2,7.01,1624,67.5,2484,0
40.48,0.67,17.1,7.05,1549,66.97,8044,0
33.71,1.45,31.32,9.53,1601,42.13,2871,0
30.57,0.32,19.78,5.97,1550,56.05,7435,0
73.81,1.19,14.61,8.78,1516,47.41,2265,0
58.96,1.23,16.93,8.34,1553,45.87,6462,0
36.14,1.32,13.67,8.92,1615,54.23,3838,0
67.05,0.83,21.01,8.83,1695,71.46,7570,0
49.79,1.64,34.36,7.37,1752,63.35,1879,0
52.46,1.77,33.41,7.15,1769,99.27,4749,1
74.28,0.86,34.24,8.21,1748,89.51,5735,1
72.0,1.93,20.15,6.43,1606,93.81,2428,1
52.43,2.09,26.97,7.39,1522,49.06,5534,0
55.47,0.8,20.76,6.84,1625,42.71,5884,0
32.91,1.89,16.91,5.64,1526,75.84,5773,0
40.37,1.89,16.42,9.25,1695,80.49,5321,0
56.97,1.1,25.46,5.58,1799,70.1,1587,0
52.33,1.5,22.54,8.95,1723,88.96,412,0
64.78,1.33,20.51,8.4,1638,83.49,1796,1
36.23,1.54,25.13,9.73,1769,84.24,7970,1
46.16,1.07,19.11,8.8,1560,63.41,6864,0
70.4,1.25,21.35,9.28,1600,92.01,3092,0
57.1,1.28,17.11,8.18,1705,71.69,271,0
63.6,0.6,11.04,6.88,1649,73.99,8351,0
69.98,2.19,29.37,7.83,1579,92.34,4402,1
42.33,1.16,15.78,6.29,1711,75.72,8470,0
44.93,0.37,29.31,5.09,1776,43.0,5532,0
64.94,1.35,26.28,6.14,1544,89.33,4805,1
36.61,0.98,30.93,8.2,1586,93.52,3596,0
40.92,2.06,30.81,8.15,1477,62.8,1305,0
43.69,1.38,23.44,7.46,1729,66.26,6550,0
51.08,2.11,24.74,6.94,1734,91.38,492,1
73.13,2.34,11.59,8.53,1745,66.91,135,0
58.33,1.83,31.4,7.09,1780,36.55,7564,1
69.26,1.55,15.32,6.1,1778,56.72,4681,0
58.03,1.63,9.41,9.59,1778,52.66,821,0
48.03,1.18,34.23,8.15,1759,35.16,1995,0
71.42,0.77,32.02,6.06,1774,84.39,7907,1
33.56,1.43,24.76,6.07,1487,55.03,5249,0
34.92,1.87,14.45,5.37,1576,46.96,3892,0
48.62,2.34,33.09,8.93,1694,96.97,4071,1
52.7,0.4,11.47,5.47,1671,35.68,8663,0
73.6,1.27,12.33,5.49,1721,51.95,6686,0
32.23,0.7,10.8,6.28,1783,35.39,2968,0
46.64,1.49,28.96,8.2,1653,43.69,3445,0
70.89,2.46,12.28,8.42,1455,62.48,8270,1
61.4,2.1,30.55,8.82,1498,92.98,7588,1
47.42,0.7,32.1,6.42,1548,69.08,5782,0
48.63,1.37,18.52,7.0,1505,91.77,5796,0
57.37,0.62,31.86,6.85,1549,91.52,2953,0
73.99,1.87,20.53,9.85,1562,36.46,2208,0
58.15,0.23,28.56,6.5,1795,69.89,4797,0
37.88,0.2,15.94,6.47,1735,60.85,6109,0
31.93,2.05,16.76,7.55,1611,49.17,3607,0
48.6,0.72,15.53,6.24,1559,58.35,1946,0
31.77,0.36,19.31,9.87,1789,56.51,3480,0
48.23,0.87,16.02,6.39,1613,64.28,8214,0
52.64,1.39,22.16,9.11,1771,52.77,4684,0
35.46,2.4,10.51,5.14,1705,36.8,3171,0
51.95,2.09,28.11,6.29,1650,64.17,4140,0
42.5,1.92,21.75,9.9,1621,90.8,2341,0
33.89,2.47,26.01,9.98,1568,77.74,7534,1
73.02,1.23,23.7,7.89,1733,47.03,8953,0
65.93,1.48,11.47,8.19,1574,50.26,7045,1
50.88,0.91,23.83,6.77,1491,69.27,998,0
52.29,2.22,25.06,7.02,1558,45.28,8197,1
57.11,2.22,25.95,8.65,1666,65.37,2382,0
58.21,0.77,10.41,6.17,1622,59.04,8581,0
42.14,1.64,27.81,9.71,1717,47.05,5861,0
37.46,1.96,28.17,9.42,1583,52.75,6504,1
51.39,2.41,15.9,9.14,1635,51.97,5845,0
67.58,2.42,31.48,9.77,1643,73.15,8727,1
51.95,1.2,8.55,6.49,1772,65.35,3983,0
30.97,1.66,24.67,5.27,1628,42.04,5541,0
56.19,2.28,26.24,5.43,1700,67.13,749,0
46.53,0.22,16.6,9.2,1714,64.55,7550,0
44.12,0.18,31.66,7.59,1451,99.44,2113,0
52.51,2.12,13.02,6.21,1519,73.41,298,0
41.0,2.32,10.25,6.23,1700,93.05,7422,1
62.34,1.97,18.7,6.52,1581,50.7,4191,0
32.3,1.15,28.45,6.38,1737,38.22,539,0
72.91,1.94,13.39,8.18,1539,90.44,4258,1
32.75,1.1,21.71,6.9,1526,82.62,5563,0
42.42,1.06,26.82,7.39,1678,40.03,1950,0
54.42,0.11,30.12,7.54,1726,48.91,320,0
42.57,1.36,22.33,6.93,1456,88.76,2252,0
53.25,1.59,18.0,7.79,1633,85.98,2379,0
65.02,1.07,11.32,5.81,1525,45.61,6343,0
57.43,1.74,10.65,9.53,1797,54.31,7324,0
32.84,1.64,23.79,5.72,1475,47.25,908,0
41.09,1.88,8.07,9.84,1476,69.93,7512,0
71.43,0.21,13.7,5.34,1591,43.04,5003,0
67.52,1.03,23.89,6.09,1731,79.45,4671,0
59.69,0.92,20.9,8.78,1591,73.32,6443,0
48.03,2.19,15.71,6.31,1644,74.4,1090,0
67.69,1.88,14.52,8.55,1682,92.16,7384,1
70.99,2.18,14.75,6.93,1690,42.94,6789,1
47.34,1.53,13.4,5.51,1566,79.57,8263,0
38.44,2.21,28.86,6.23,1513,65.13,1202,0
33.56,0.57,34.1,6.53,1545,84.85,3032,0
35.78,1.34,19.99,9.78,1641,76.66,4471,0
41.45,1.7,22.31,8.15,1681,76.62,8354,0
64.07,1.13,20.07,6.13,1714,90.92,5714,0
60.59,0.41,19.55,5.67,1580,48.55,3258,0
35.23,1.94,18.89,8.55,1776,87.01,8715,1
43.63,1.8,10.65,7.84,1574,55.76,8909,0
68.82,0.77,9.17,8.18,1716,84.49,4964,0
64.84,2.25,19.59,8.66,1654,40.15,1203,0
70.92,0.63,25.07,9.08,1793,51.25,5482,0
58.52,0.44,27.53,5.31,1526,53.37,8488,1
49.9,1.1,33.45,8.79,1735,61.47,4261,0
43.84,0.88,10.56,5.8,1459,59.93,8286,0
71.61,0.29,20.01,8.09,1553,45.74,7392,0
73.26,1.31,18.35,6.38,1556,80.42,1160,0
61.01,0.61,16.0,8.14,1667,96.28,2452,0
56.07,1.79,25.06,5.62,1605,51.07,3508,0
40.5,0.31,13.2,7.79,1741,95.74,5864,0
52.1,0.76,13.47,7.01,1794,82.99,8298,0
53.2,0.81,11.12,5.9,1535,67.18,2394,0
43.16,0.28,15.55,8.73,1623,56.11,5271,0
52.76,2.33,29.97,5.88,1640,97.92,5071,1
73.81,1.92,27.91,8.47,1679,91.35,4371,1
44.73,2.34,16.48,8.37,1759,47.82,4918,0
67.03,0.13,22.14,6.24,1462,59.43,6905,0
37.98,0.89,34.21,5.24,1753,52.91,7502,0
56.86,0.3,29.31,7.24,1560,53.06,4781,0
71.13,1.64,29.86,7.61,1660,42.06,1630,1
37.42,1.72,28.45,9.76,1698,59.6,1724,0
30.29,1.31,16.83,8.13,1718,59.43,7518,0
48.28,0.21,12.35,7.17,1663,78.07,1574,0
32.05,0.88,26.12,5.51,1777,79.73,6944,0
32.05,1.19,33.36,5.01,1531,67.7,5073,0
35.51,2.44,19.21,7.09,1516,90.97,7130,1
30.21,1.15,19.41,8.99,1762,69.82,5658,0
62.95,1.55,19.64,7.9,1795,83.1,4062,1
37.6,2.18,9.37,8.0,1474,83.27,3643,0
58.06,0.31,9.81,6.0,1522,91.04,5138,0
44.31,2.18,14.68,6.54,1588,63.54,2947,0
53.7,2.46,23.01,8.21,1516,90.52,5062,0
34.03,1.3,20.14,9.72,1616,42.81,7530,0
38.78,1.87,10.93,6.66,1706,53.83,5070,0
30.92,0.4,8.38,6.56,1457,63.23,4838,0
40.51,2.28,32.97,9.22,1648,95.33,1474,1
31.51,0.93,9.38,5.61,1748,66.91,3039,0
45.92,2.08,27.02,8.62,1493,99.21,7884,1
71.61,2.07,14.25,8.6,1568,89.94,6543,1
70.47,0.55,9.35,7.5,1697,73.81,2953,0
64.12,1.38,26.29,7.23,1466,44.53,2360,1
52.27,2.27,16.49,5.28,1732,62.92,7727,0
36.07,1.29,16.48,5.05,1576,43.54,164,0
60.09,0.31,33.25,9.81,1458,95.96,2959,1
30.79,1.12,30.79,9.14,1687,73.71,1957,0
57.41,0.29,18.67,8.04,1611,38.54,6241,0
36.87,1.05,14.73,7.9,1790,64.83,535,0
74.67,0.28,22.33,5.71,1718,50.54,5491,0
45.93,0.39,30.79,7.67,1704,36.08,8227,0
65.49,0.65,34.66,5.54,1516,98.09,6942,1
66.35,0.67,20.71,5.65,1472,63.28,1442,0
45.37,0.43,23.93,8.91,1484,93.89,8389,0
34.46,0.79,30.5,8.47,1612,88.9,973,0
33.48,0.34,32.2,5.12,1746,69.12,6785,0
50.28,0.95,26.86,6.02,1664,90.45,6313,0
58.88,2.11,29.58,7.46,1618,96.78,6241,1
71.66,1.78,25.71,7.08,1675,62.64,6295,1
65.43,0.67,10.81,6.2,1609,56.74,3522,0
44.05,0.31,24.01,6.74,1452,49.57,6380,0
33.7,2.15,16.17,5.55,1778,71.48,1409,0
50.85,1.9,21.9,9.51,1785,70.13,7484,0
61.06,1.61,21.89,7.3,1499,74.88,4076,0
41.35,1.71,20.43,6.37,1603,60.04,2261,0
30.31,1.66,16.22,8.46,1597,57.71,6070,0
36.32,0.65,13.77,9.98,1775,77.96,3063,0
32.52,0.26,23.79,8.22,1628,97.21,7027,0
68.45,1.68,10.3,5.06,1475,52.54,3091,0
39.77,1.97,19.45,8.27,1511,38.53,3891,0
56.59,2.37,8.35,9.04,1699,38.72,4032,0
50.97,2.11,15.48,8.48,1494,61.49,6066,0
47.26,0.38,9.26,7.3,1516,98.17,3967,0
35.69,0.79,13.97,8.27,1546,57.1,4415,0
36.89,0.67,34.14,7.79,1574,68.36,3126,0
42.84,1.8,12.56,7.27,1488,57.94,5827,0
48.96,1.92,9.79,7.08,1642,65.17,2617,0
64.89,2.24,29.4,8.82,1700,75.08,7689,1
46.74,1.59,10.37,8.61,1519,84.43,4067,0
48.0,2.37,17.6,9.44,1575,51.8,2871,0
38.66,0.47,12.83,6.78,1800,74.91,2570,0
36.12,2.47,16.13,8.08,1659,40.82,1885,0
71.7,2.28,9.48,5.4,1790,42.01,4617,0
63.17,1.11,10.61,9.48,1699,66.5,7328,0
69.82,2.22,17.44,6.2,1749,68.09,6131,0
31.27,0.89,18.67,5.61,1771,53.68,7907,0
48.11,0.8,31.87,6.03,1572,62.23,8958,0
65.83,0.37,10.66,8.3,1584,83.27,2471,0
74.92,1.52,8.85,5.08,1569,46.98,5700,0
64.96,1.66,26.59,9.93,1474,35.11,6850,1
57.27,1.18,32.99,8.12,1662,99.31,100,0
72.06,1.41,31.6,5.83,1786,63.94,5235,1
60.48,1.78,33.42,6.16,1786,48.33,4673,1
45.93,2.06,22.12,7.09,1715,40.26,3430,0
70.96,1.01,31.14,7.75,1620,60.16,3468,0
34.7,2.2,23.98,6.92,1723,65.48,6058,0
52.66,2.37,24.67,8.45,1567,72.16,8830,1
73.86,0.59,10.82,9.04,1754,44.32,5927,0
30.91,2.34,32.05,7.89,1627,68.17,2049,0
35.62,1.15,14.58,6.91,1766,64.82,8338,0
37.85,1.72,19.24,6.85,1619,63.95,815,0
58.65,1.27,22.99,7.13,1603,49.51,3326,0
56.68,0.2,9.39,5.94,1500,66.22,2919,0
57.98,0.41,26.37,9.8,1743,58.13,5241,0
70.7,2.49,13.17,8.22,1744,63.12,1733,0
46.84,2.27,20.04,9.4,1790,69.69,3778,0
59.03,2.18,26.84,9.98,1591,81.63,2190,1
56.95,0.23,18.46,8.6,1498,40.52,8095,0
67.81,0.5,33.55,9.87,1740,44.88,2972,0
45.87,1.11,28.15,9.28,1468,64.92,4665,0
48.1,0.42,33.99,7.77,1691,54.92,2200,0
31.92,1.63,30.43,7.06,1639,56.6,4373,0
62.32,0.34,29.33,6.75,1756,90.92,4451,1
47.95,0.45,13.5,8.92,1529,40.55,5884,0
30.03,1.06,26.62,7.18,1472,97.63,3669,0
72.84,2.03,12.8,6.63,1498,35.58,8784,1
39.56,1.68,25.35,8.17,1463,39.16,2792,0
44.67,1.5,31.86,6.12,1681,61.95,6395,0
66.34,2.32,18.08,5.73,1591,42.49,5280,0
47.55,0.85,22.47,5.85,1744,37.1,6144,0
61.99,1.23,23.04,8.55,1701,80.1,3631,0
73.64,2.38,10.99,8.61,1517,53.97,1334,0
58.55,2.11,29.74,9.97,1737,95.34,963,1
42.79,1.75,30.66,5.92,1665,88.3,1222,1
31.56,1.69,14.42,7.37,1498,94.52,8256,1
31.07,2.09,9.29,8.17,1688,44.61,7922,0
30.22,1.53,27.38,5.57,1536,64.7,5423,0
69.23,2.33,20.7,9.42,1778,59.43,941,0
54.56,2.38,31.05,5.9,1601,49.52,358,0
73.83,2.11,21.32,6.22,1762,91.18,7339,1
63.75,1.22,25.68,8.42,1587,36.69,8449,1
67.08,2.21,12.15,8.82,1635,38.07,6653,1
73.43,2.42,8.43,6.12,1724,70.33,707,0
39.7,1.46,23.67,7.17,1625,84.62,8843,1
40.56,1.73,21.04,6.23,1537,76.54,1576,0
68.46,2.05,31.85,6.79,1701,46.5,910,1
55.64,0.99,21.54,6.2,1618,86.08,7781,0
67.32,2.3,19.93,7.59,1732,94.28,6748,1
57.69,0.66,19.2,6.25,1559,80.83,1284,0
73.2,2.44,24.02,6.99,1637,85.11,3664,1
43.73,0.95,23.61,9.23,1519,94.1,7834,0
70.16,1.22,8.56,5.52,1478,96.69,3822,0
54.36,0.63,14.2,9.03,1665,63.45,3987,0
57.02,1.71,20.75,8.48,1635,90.54,4674,0
42.49,1.68,25.34,6.58,1717,51.06,1162,0
45.11,2.06,27.65,6.0,1700,58.51,5052,0
45.1,1.76,16.14,6.73,1590,83.23,1189,0
37.51,0.26,25.59,5.34,1747,94.75,8004,1
72.07,1.65,8.79,7.15,1747,42.87,6108,0
73.85,1.67,29.98,8.92,1461,47.44,1859,1
43.63,1.77,29.87,6.31,1653,76.44,5509,0
63.83,2.28,15.98,8.62,1549,75.29,911,0
70.79,1.92,31.38,6.13,1500,63.96,1025,1
71.33,1.24,13.8,5.35,1576,79.66,5839,0
67.68,1.34,22.85,7.2,1657,82.32,1437,1
73.49,1.32,32.33,6.6,1546,92.77,5467,1
58.41,1.14,12.82,6.61,1477,47.99,5134,0
42.93,0.36,19.65,6.02,1664,56.44,6883,0
41.64,0.75,22.37,5.19,1505,47.55,2567,0
33.11,2.09,10.28,6.74,1665,82.53,6890,1
64.15,2.13,20.77,7.02,1529,94.57,2039,1
30.65,2.12,32.55,7.48,1792,75.53,6113,0
42.85,2.27,31.51,8.42,1460,77.3,808,0
61.55,0.53,26.84,7.43,1756,46.03,7827,1
65.25,1.76,24.19,8.08,1748,65.66,5520,1
73.73,2.08,9.53,6.09,1774,99.43,7495,1
34.64,1.3,32.14,8.42,1666,62.37,6804,1
40.87,0.79,30.46,7.93,1697,61.05,5094,0
68.47,1.17,30.23,8.67,1673,36.88,4620,0
34.87,2.24,27.84,6.99,1797,37.2,373,0
39.66,0.55,33.18,6.33,1655,46.73,174,0
61.38,2.35,12.74,5.36,1658,93.77,5562,1
57.26,0.63,30.92,7.45,1647,92.4,3861,0
46.91,1.15,19.94,6.59,1459,61.09,6461,0
43.1,0.86,32.13,8.31,1503,40.39,1518,0
42.77,2.33,8.74,5.91,1602,92.47,3249,0
41.61,0.32,25.44,6.28,1493,37.32,2200,0
43.34,0.94,10.93,5.68,1621,35.42,8817,0
44.5,1.89,19.32,7.69,1493,71.09,1293,0
33.86,0.19,28.45,9.15,1544,84.82,2153,0
69.43,1.47,22.1,5.5,1777,80.39,7610,1
32.25,1.9,30.38,7.62,1580,67.22,7799,1
66.76,2.39,11.39,6.63,1753,45.12,3232,0
47.81,1.81,23.8,7.7,1538,43.23,549,0
36.69,0.38,19.86,6.93,1606,38.45,6666,0
51.3,2.21,23.93,6.06,1772,51.15,3496,0
73.63,1.2,9.77,9.74,1477,96.55,1018,0
73.87,1.45,30.15,7.44,1537,61.18,4546,1
65.81,0.41,26.17,7.32,1725,92.67,1160,1
44.18,0.38,12.34,7.38,1459,78.81,3760,0
72.9,1.07,10.47,8.27,1642,36.14,8724,0
50.0,1.67,8.08,8.82,1597,59.99,786,0
38.78,0.68,33.81,5.06,1785,35.23,3509,0
39.22,0.9,11.93,8.02,1555,55.83,3773,0
49.87,0.55,21.04,5.42,1731,43.14,5142,0
71.77,1.2,10.3,9.99,1554,60.22,5286,0
73.2,0.35,13.7,8.41,1488,59.11,7837,0
34.25,0.83,25.35,6.08,1611,72.95,5311,0
46.5,1.78,17.73,8.06,1671,84.53,3179,0
69.9,0.37,25.21,8.26,1724,76.86,4491,0
49.37,0.47,29.65,8.43,1483,95.99,7991,1
49.93,0.77,11.43,8.89,1754,37.57,4647,0
32.24,1.39,13.01,9.57,1669,41.91,8263,0
55.11,0.82,14.05,9.4,1561,93.58,8263,0
62.18,0.59,18.32,7.1,1663,47.76,5611,0
33.37,2.33,34.82,7.62,1464,98.62,4395,1
32.77,1.04,16.83,8.18,1730,35.1,1136,0
34.12,0.43,16.79,7.55,1642,99.8,4710,0
34.79,0.1,22.99,8.35,1463,71.94,6156,0
68.68,2.11,16.17,7.7,1624,94.65,4703,1
70.41,0.84,11.39,7.24,1594,60.12,2559,0
66.82,2.31,33.33,9.01,1778,84.13,4786,1
59.57,1.52,16.99,8.43,1721,99.86,6813,1
74.57,2.06,25.29,6.13,1740,48.35,4498,1
38.83,1.38,31.99,6.89,1497,68.8,7947,1
63.29,1.76,30.22,9.09,1469,86.51,5825,1
44.65,0.38,14.8,6.32,1537,91.53,837,0
59.99,0.52,29.0,8.53,1601,78.31,3491,0
68.82,1.16,15.41,7.23,1596,62.72,144,0
30.3,0.21,27.62,5.3,1552,41.32,4545,0
55.47,0.15,13.12,6.65,1485,87.86,7221,0
60.32,0.93,25.46,9.43,1627,96.5,6318,1
55.49,0.97,30.61,6.18,1708,48.77,3721,0
44.76,2.11,16.52,8.29,1464,44.44,1039,0
43.29,1.54,28.25,8.91,1771,54.34,3380,0
65.27,0.81,24.92,5.49,1799,90.89,5284,1
43.31,1.55,11.15,7.86,1730,61.22,1588,0
36.67,1.79,28.23,8.49,1738,99.2,2368,1
73.8,1.5,33.2,7.01,1724,65.67,6968,1
53.92,1.97,21.89,8.98,1793,68.24,1343,0
40.32,1.33,23.68,9.37,1523,99.48,3379,0
47.32,1.38,25.65,8.94,1625,41.68,8915,1
55.06,0.13,29.9,9.08,1613,65.39,8787,0
60.02,0.6,8.71,5.74,1458,64.8,8533,0
73.53,2.37,23.72,5.98,1504,51.95,5922,0
64.38,1.7,31.96,7.6,1733,71.3,6685,1
56.7,2.21,24.77,6.48,1476,49.64,8813,1
42.58,2.47,14.97,5.3,1513,84.29,5187,0
44.91,2.13,20.0,5.01,1622,56.96,3076,0
52.78,0.13,30.08,9.13,1798,53.17,5354,0
34.14,1.22,13.42,7.65,1711,41.66,4225,0
35.24,0.2,20.98,5.97,1459,84.34,8562,0
36.19,2.04,19.63,5.45,1690,85.56,4525,0
59.55,0.95,13.39,6.4,1700,90.67,927,0
66.32,2.21,22.84,5.58,1587,66.3,5012,0
67.51,2.11,34.31,5.97,1531,40.65,141,1
40.11,2.09,11.75,7.97,1515,84.43,6613,1
59.77,0.21,25.19,6.5,1781,95.71,4304,1
54.7,2.06,10.88,6.96,1774,50.23,8211,0
48.43,2.4,22.32,6.41,1559,37.09,1226,0
31.66,0.74,21.9,5.69,1598,57.5,7006,0
61.07,0.43,31.15,5.9,1762,74.86,2144,0
37.41,2.03,22.22,5.42,1602,64.82,3692,0
46.04,0.31,15.96,5.78,1509,73.11,4405,0
39.61,0.69,11.95,6.72,1766,95.45,1410,0
51.23,2.18,8.97,7.98,1716,94.96,110,0
71.96,1.28,29.97,9.11,1736,93.04,3250,1
68.26,2.21,23.31,5.44,1710,98.73,6125,1
40.1,0.51,11.44,6.71,1640,93.96,516,0
34.44,1.57,23.13,6.33,1557,81.41,5620,0
55.79,1.56,22.87,5.54,1494,81.92,6452,0
50.0,1.72,34.01,9.89,1515,36.43,1776,0
51.12,2.49,10.44,6.04,1719,45.59,2333,0
34.61,0.37,25.87,9.26,1463,73.33,3686,0
36.82,1.72,34.39,9.06,1699,76.84,3234,0
69.33,1.33,29.96,6.93,1692,62.31,3526,1
41.31,0.61,16.41,5.29,1788,95.12,8113,0
74.3,2.47,22.93,6.62,1715,84.23,1821,1
32.08,2.25,22.12,5.78,1650,68.57,6792,0
43.81,0.72,34.18,6.78,1467,85.78,2246,0
54.31,1.97,22.94,7.55,1474,73.4,5971,0
37.32,0.35,10.81,8.15,1688,42.65,2862,0
57.26,1.68,19.58,9.62,1643,43.78,3811,0
39.38,1.46,20.31,7.26,1734,84.15,4570,0
58.64,1.04,23.29,5.62,1787,42.52,2312,0
72.3,0.51,13.25,8.32,1568,82.02,2817,0
46.53,1.35,33.53,5.23,1469,46.38,6012,0
46.62,0.72,32.76,5.13,1619,85.79,2561,0
75.0,1.85,16.33,5.41,1652,70.65,3106,0
49.93,1.44,34.53,7.73,1742,98.66,5154,1
61.94,1.06,24.75,6.74,1661,97.27,6405,1
32.65,1.41,24.36,9.29,1456,49.47,3916,0
47.82,1.24,17.96,9.45,1491,88.95,8883,0
62.79,0.38,26.71,9.75,1608,43.79,553,0
67.62,1.45,20.49,7.09,1536,96.74,7638,1
37.3,0.7,19.58,9.34,1484,76.67,4735,0
45.31,0.16,31.36,7.87,1758,45.56,8697,0
41.17,0.58,21.22,6.49,1711,95.15,1469,0
48.48,2.07,18.27,6.29,1614,92.54,1705,0
53.72,0.33,32.4,7.58,1453,55.78,2990,0
71.89,1.01,8.93,7.02,1792,99.86,1823,0
56.17,0.76,11.07,5.22,1680,45.13,7127,0
58.06,0.43,26.27,5.69,1508,81.96,2904,0
54.42,1.74,8.35,7.68,1666,57.5,6176,0
42.72,1.35,11.02,9.5,1561,69.71,945,0
31.25,2.27,22.88,8.8,1743,40.62,8982,0
63.52,0.99,13.99,8.03,1682,56.91,8404,0
60.24,2.45,8.69,6.26,1523,62.59,4349,0
57.36,1.07,10.9,7.81,1734,76.44,1638,0
71.44,2.18,26.68,7.81,1659,90.43,8889,1
32.49,2.33,19.69,9.11,1525,76.91,879,0
69.37,1.88,17.54,9.31,1742,93.15,2683,1
73.38,0.76,29.77,7.38,1714,54.56,639,0
73.1,1.12,13.35,7.14,1611,83.43,491,0
46.85,1.85,9.46,9.73,1600,68.67,2343,0
40.33,1.52,29.76,7.63,1469,81.16,6517,1
52.56,2.45,19.69,9.22,1546,91.39,5583,0
63.18,0.69,32.77,6.01,1546,86.77,7852,1
41.09,1.21,20.7,9.51,1668,55.16,4484,0
34.77,0.15,34.15,9.17,1595,42.32,6590,0
48.79,1.99,18.32,8.86,1534,62.04,7282,0
51.94,1.77,27.88,6.56,1684,40.45,1206,0
64.19,2.49,15.96,6.65,1731,71.98,3825,0
56.33,2.32,25.08,6.04,1566,38.31,3973,0
65.01,1.86,31.54,8.21,1712,37.84,8283,1
52.03,0.32,22.77,8.85,1722,99.76,4295,0
45.12,1.06,21.26,9.55,1671,37.09,5579,0
58.34,1.08,22.08,9.27,1710,92.2,4212,0
31.24,1.32,34.06,7.95,1557,71.18,3905,0
56.77,2.08,9.03,6.44,1662,61.37,3184,0
37.38,1.07,29.04,8.9,1753,90.03,2339,0
35.31,1.39,8.31,7.91,1451,85.76,3841,0
63.3,2.32,28.0,6.36,1630,91.56,8435,1
57.82,1.52,13.63,7.88,1720,77.65,2632,0
56.76,1.13,32.88,6.47,1600,89.67,4673,0
33.18,0.27,9.33,7.37,1685,84.1,3204,0
51.97,2.46,14.73,8.34,1459,35.98,760,0
64.29,1.15,10.18,6.47,1675,50.57,5848,0
31.88,0.72,13.16,8.86,1487,87.01,5735,0
62.6,0.45,34.97,9.83,1758,75.38,1942,0
74.63,2.47,11.87,8.93,1486,81.81,6762,1
60.58,2.27,18.97,8.89,1760,79.31,4572,0
58.3,0.6,19.72,9.57,1549,91.48,129,0
66.29,1.68,21.58,5.56,1558,98.35,3623,1
37.38,1.81,12.89,6.6,1751,73.6,7106,0
34.37,0.41,13.86,5.47,1699,73.73,6596,0
35.79,0.17,15.2,9.08,1645,94.61,2423,0
52.51,0.12,31.32,6.8,1611,63.26,5718,0
58.24,1.04,26.04,5.53,1762,43.47,4738,0
62.07,1.08,22.14,7.06,1681,60.86,5949,0
42.76,0.32,27.47,8.78,1482,89.68,7947,1
57.84,0.1,14.46,9.24,1762,95.79,3923,0
49.83,1.84,30.14,9.17,1633,62.33,3019,0
62.6,0.77,12.89,7.15,1793,81.39,2992,0
55.73,0.96,25.79,6.15,1728,53.47,3081,0
64.99,0.48,27.07,7.97,1798,40.21,3344,0
55.25,0.79,10.39,6.24,1791,72.6,7385,0
30.02,0.31,15.2,6.59,1761,52.63,1238,0
54.7,1.76,33.63,7.69,1454,57.78,7254,1
67.72,1.67,33.53,5.0,1720,60.22,292,1
51.16,1.02,27.24,7.53,1607,67.59,8602,0
71.3,1.42,26.98,5.82,1462,59.76,580,1
41.47,2.44,21.48,7.2,1556,94.62,3441,0
44.05,0.32,14.43,8.99,1549,72.08,723,0
36.6,1.72,11.76,9.17,1510,38.8,485,0
30.07,0.89,25.34,5.12,1682,75.86,2885,0
53.64,0.55,24.09,8.24,1474,38.78,8833,0
68.61,1.61,24.96,7.59,1735,82.36,4751,1
60.02,2.01,33.36,7.38,1793,42.55,3468,1
32.92,0.73,27.45,9.81,1480,51.31,3935,0
68.61,2.21,32.57,7.65,1590,46.53,4614,1
58.26,0.94,27.02,7.65,1497,36.85,2791,0
39.79,0.43,25.38,6.44,1677,66.72,7131,0
63.72,0.56,16.43,7.66,1576,46.93,4404,0
70.34,0.86,23.23,7.47,1467,69.46,4440,0
47.79,1.54,22.9,5.02,1487,58.32,1021,0
43.43,0.9,22.71,8.59,1702,87.27,1837,0
66.71,0.51,19.34,7.84,1585,63.29,1933,0
64.54,1.65,22.53,7.23,1733,56.75,7557,1
68.18,2.12,30.78,8.53,1599,42.1,7267,1
63.27,0.81,29.55,8.59,1789,70.11,3766,0
73.86,0.71,20.64,8.97,1508,87.62,1477,0
33.11,0.46,15.11,5.05,1744,98.1,5106,0
47.31,0.38,19.72,6.23,1571,52.13,394,0
38.71,1.29,23.44,7.69,1698,42.15,6801,0
36.13,2.28,18.79,8.14,1509,77.29,3027,0
65.72,0.25,13.9,8.89,1736,73.7,7972,0
71.64,1.91,16.41,5.33,1563,44.72,4267,0
74.98,1.76,15.51,9.07,1743,96.69,4503,1
37.43,0.26,15.74,6.34,1564,41.24,3517,0
55.98,0.88,14.08,9.8,1500,49.15,2438,0
36.52,2.05,33.87,5.2,1640,76.38,4279,0
33.78,1.21,28.53,7.78,1474,74.23,758,0
40.68,0.89,25.39,5.96,1651,40.46,4348,0
52.51,2.22,19.0,5.28,1742,61.51,210,0
63.64,1.63,10.72,9.47,1700,47.94,4493,0
40.14,1.27,11.17,8.42,1482,55.72,5395,0
53.52,1.01,11.47,9.23,1645,75.96,8420,0
30.49,2.07,33.82,8.03,1494,73.83,4223,0
61.16,2.12,19.75,8.38,1452,76.94,1284,0
67.58,0.21,16.74,7.05,1588,70.17,4975,0
71.91,1.45,34.05,6.39,1461,47.68,5166,1
72.72,0.59,24.59,6.4,1592,37.4,4912,0
72.47,0.32,24.01,8.97,1766,93.08,3134,1
58.73,1.15,16.24,6.83,1579,75.02,3966,0
49.65,1.4,29.36,6.6,1718,45.04,2756,0
47.49,2.06,9.91,6.1,1622,35.26,905,0
60.44,1.14,14.33,5.73,1569,69.42,5403,0
50.52,1.26,12.82,7.88,1483,76.64,5204,0
31.88,1.23,20.42,6.77,1452,50.75,8254,0
52.21,0.79,34.72,9.18,1794,62.63,1022,0
59.72,1.44,12.13,5.41,1660,73.27,1543,0
71.58,1.33,21.97,9.51,1573,45.43,5944,0
52.89,2.13,34.37,8.29,1464,53.79,7159,1
45.27,1.03,28.61,7.51,1635,95.81,5760,0
69.86,1.78,30.91,6.13,1512,37.3,2468,1
52.62,2.33,21.74,5.17,1461,71.25,3177,0
40.31,1.89,26.72,8.29,1783,88.36,3556,1
60.88,1.98,21.75,6.91,1774,46.33,1070,0
70.59,0.57,18.41,9.94,1786,77.88,3462,0
32.0,2.09,14.21,9.97,1738,42.52,4877,0
35.53,1.38,24.39,9.55,1537,80.57,5393,0
42.66,2.19,11.57,7.74,1596,81.4,2728,0
34.35,0.83,33.52,5.35,1468,47.39,2996,0
40.86,1.65,20.03,5.07,1627,61.56,3752,0
32.45,1.88,31.06,7.54,1647,63.15,402,0
67.92,2.4,12.95,7.82,1501,52.9,8537,1
46.66,0.16,13.37,7.45,1793,43.87,1485,0
35.53,0.12,32.4,7.0,1701,62.92,150,0
36.06,0.74,18.54,7.58,1491,79.93,6512,0
67.86,1.69,27.27,9.36,1711,99.67,7246,1
63.32,0.41,21.13,5.9,1665,36.96,4612,0
48.81,1.48,18.97,5.23,1744,75.7,6150,0
69.72,1.5,24.98,9.86,1615,75.42,8940,1
65.09,2.44,14.68,8.83,1724,44.2,8918,1
57.02,2.25,31.25,5.83,1529,45.36,4188,0
46.03,2.13,22.74,6.14,1764,43.86,4339,0
70.09,2.23,34.64,5.93,1483,63.08,6611,1
45.59,1.53,11.76,9.42,1541,65.16,8953,0
37.18,0.29,12.47,8.36,1469,73.65,310,0
53.55,2.44,29.15,7.24,1738,80.49,5485,0
60.03,2.44,23.89,9.33,1686,79.26,2487,0
44.14,2.45,33.52,6.67,1785,61.86,2408,0
74.75,2.33,14.07,7.31,1534,40.19,424,0
37.55,1.85,25.62,6.15,1614,64.47,5990,0
48.09,2.07,11.92,6.97,1707,75.92,8438,0
44.06,0.15,25.18,6.05,1547,81.37,4883,0
71.3,0.81,33.99,8.43,1513,58.09,7338,1
57.83,1.44,31.07,7.21,1566,78.47,1693,0
41.45,2.13,18.96,5.11,1588,37.24,8447,0
58.2,0.46,32.5,5.62,1605,89.45,5059,1
34.63,1.75,34.18,8.49,1457,38.66,8005,1
49.66,2.08,26.49,9.64,1670,93.97,5569,1
55.17,1.06,20.76,7.14,1773,94.39,5990,0
44.41,0.47,22.83,8.96,1794,42.46,4089,0
33.46,1.69,18.12,9.21,1525,69.36,8235,0
40.98,1.71,20.14,7.28,1506,57.61,5844,0
48.21,0.72,27.59,6.47,1714,59.23,3670,0
64.1,0.34,17.92,6.09,1628,35.62,4786,0
34.96,2.44,12.47,8.31,1529,82.06,1335,0
46.29,1.39,26.88,7.32,1718,97.21,3764,1
63.07,1.85,18.8,7.14,1453,94.43,8710,1
68.87,1.97,20.37,7.58,1538,90.35,8087,1
70.8,1.2,19.61,7.0,1455,39.39,1358,0
34.79,0.88,13.62,6.24,1451,43.12,3977,0
54.85,1.08,12.57,6.72,1660,94.51,261,0
36.51,1.68,10.48,9.63,1584,74.07,6378,0
59.35,0.8,10.23,6.17,1504,70.03,6124,0
70.95,1.08,8.53,9.33,1709,43.39,5379,0
65.53,1.75,34.08,7.23,1700,44.47,1705,1
45.63,2.04,32.49,6.61,1488,40.76,4505,0
54.08,2.16,11.45,7.42,1778,68.42,1457,0
44.17,1.14,19.61,9.78,1659,81.07,2959,0
52.48,1.43,27.92,8.85,1781,77.62,2992,0
66.81,2.44,10.06,9.05,1529,52.01,1309,0
33.75,1.15,17.08,8.52,1734,57.36,914,0
73.77,0.18,29.61,5.17,1779,43.84,8252,1
35.68,0.97,17.31,5.3,1713,76.85,6623,0
44.19,1.47,14.61,9.86,1578,35.07,5840,0
55.69,0.24,34.7,7.36,1568,68.28,2172,0
56.46,2.24,31.11,5.87,1461,80.09,510,0
56.58,0.37,32.56,7.22,1757,92.13,8342,1
72.45,2.37,15.88,9.19,1571,79.5,6106,0
49.11,1.0,29.53,6.95,1592,67.55,2357,0
72.0,1.57,23.54,9.61,1465,79.1,5396,0
36.81,2.39,25.71,6.0,1650,96.21,261,1
36.31,2.25,23.68,9.38,1474,63.73,5970,0
56.29,1.4,13.09,6.59,1626,44.77,3318,0
55.64,2.13,11.46,7.38,1511,55.02,3057,0
54.86,0.98,18.66,8.24,1561,73.67,1309,0
33.6,1.78,17.39,6.57,1541,84.35,5701,0
71.65,1.54,27.46,5.7,1678,63.03,8240,1
40.46,0.83,14.19,7.19,1527,37.27,3159,0
35.73,1.71,12.25,5.88,1568,92.95,6105,0
47.53,1.34,34.04,8.39,1664,60.44,7433,1
55.03,0.49,30.99,9.16,1607,57.12,1715,0
38.44,2.42,14.17,7.85,1662,63.2,8028,0
42.7,1.94,22.86,6.3,1533,84.85,5653,0
74.84,0.37,26.69,9.67,1689,59.79,548,0
66.38,1.72,27.28,5.33,1598,37.29,6946,1
50.81,1.0,23.9,9.93,1458,39.68,4969,0
44.56,1.99,30.69,9.94,1625,95.82,809,1
40.22,1.46,15.94,5.9,1501,55.33,3831,0
55.69,1.51,17.5,5.02,1656,76.4,5872,0
70.38,1.81,12.41,6.47,1735,93.59,4007,1
43.88,0.93,33.78,5.94,1681,36.31,3904,0
56.65,0.81,16.42,7.69,1749,68.61,6132,0
42.11,0.39,22.35,6.85,1759,61.72,5349,0
38.71,2.48,14.0,7.62,1479,80.21,2112,0
58.64,1.83,25.37,6.19,1584,93.85,4626,1
36.61,0.35,12.92,5.56,1502,97.86,3889,0
41.15,1.72,14.16,5.83,1494,87.49,3998,0
72.04,0.4,19.03,5.3,1718,38.93,328,0
31.25,1.07,29.89,7.74,1741,93.48,1293,0
58.62,1.27,9.3,5.01,1653,73.78,1977,0
68.87,1.3,17.17,9.1,1792,46.08,6922,1
55.45,0.74,10.3,9.31,1787,52.83,7609,0
52.06,1.96,16.19,6.77,1540,68.96,6676,0
52.14,0.84,9.89,8.16,1773,98.51,4553,0
61.67,0.56,31.39,6.46,1708,61.26,1917,0
55.6,1.52,21.75,5.18,1656,60.16,8197,0
57.13,1.52,8.09,7.15,1766,43.44,2695,0
66.44,1.05,19.06,5.36,1685,67.42,6521,0
31.23,0.58,17.54,8.27,1800,83.27,6546,0
54.71,1.69,8.77,8.77,1545,45.13,2523,0
67.33,1.96,33.33,7.25,1543,39.88,3923,1
49.23,1.35,11.06,9.98,1602,45.73,3688,0
59.64,1.53,12.29,9.12,1534,75.51,968,0
32.56,1.35,12.02,5.04,1631,61.46,2887,0
37.69,1.16,26.84,5.16,1497,35.36,6749,0
65.07,1.87,19.39,8.95,1529,84.17,4645,1
43.89,2.07,26.5,5.06,1468,80.21,2080,0
46.6,1.26,16.11,6.26,1587,68.01,962,0
63.59,0.86,10.14,8.8,1772,59.49,5848,0
56.27,2.14,29.71,7.1,1493,42.3,1094,0
51.73,0.38,34.64,6.79,1793,42.28,4047,0
56.13,0.92,23.25,8.78,1603,72.22,3231,0
56.94,1.41,24.38,6.84,1531,51.09,6556,1
73.99,1.24,16.05,9.56,1552,58.18,6921,0
36.66,2.12,11.01,5.02,1498,94.77,7829,1
55.53,1.4,12.79,9.51,1654,66.35,4279,0
45.86,1.42,24.21,7.61,1716,42.37,4670,0
69.78,0.4,29.42,7.1,1786,99.42,2799,1
43.37,0.9,32.75,9.83,1542,73.08,1210,0
56.45,2.44,13.63,9.77,1618,55.72,7488,0
55.06,0.77,34.23,9.4,1648,90.67,6891,1
64.27,1.77,22.32,6.94,1708,40.84,3001,0
60.56,1.36,31.07,8.43,1742,35.51,8000,1
51.62,0.18,21.3,7.56,1489,75.12,7216,0
62.17,0.15,30.53,7.55,1557,80.92,263,0
36.41,2.13,12.47,6.26,1596,72.89,7395,0
62.56,0.99,19.07,9.88,1723,35.1,1952,0
31.53,2.26,11.07,8.79,1507,88.46,8315,1
44.34,0.4,27.19,6.13,1553,58.62,5214,0
56.07,1.79,16.6,7.23,1694,90.25,4241,0
31.72,1.4,19.38,9.36,1739,71.03,5316,0
61.89,1.32,34.67,5.31,1565,78.56,2486,1
40.32,1.18,11.28,6.55,1528,97.1,5703,0
33.72,1.06,19.74,5.53,1731,80.87,7848,0
32.7,0.35,18.89,5.97,1715,63.77,3915,0
70.95,1.02,8.94,6.04,1604,54.39,3823,0
66.87,0.27,23.23,7.04,1567,47.21,1006,0
59.35,1.88,24.02,8.24,1515,69.4,4535,1
58.99,2.4,14.96,5.7,1648,35.32,3850,0
43.97,0.17,16.12,8.52,1481,90.7,8718,0
72.87,0.37,20.34,6.85,1513,70.43,704,0
70.47,1.88,12.91,7.78,1471,51.24,3805,0
59.25,2.27,13.53,8.82,1561,49.4,7504,1
65.21,2.03,31.6,7.79,1519,93.84,2620,1
34.17,1.1,21.74,5.88,1742,46.7,4261,0
71.9,1.11,18.24,7.25,1708,47.09,7840,0
33.66,0.81,13.12,7.76,1631,87.41,3656,0
56.71,1.6,25.46,8.61,1641,72.33,5828,0
59.33,2.06,23.28,9.52,1633,83.05,8854,1
74.64,2.29,17.29,9.89,1708,87.4,4837,1
35.31,0.17,26.77,6.92,1458,54.06,3293,0
33.73,2.15,21.63,8.4,1638,85.53,164,0
31.86,0.69,32.47,7.6,1781,81.64,7055,0
59.45,1.16,8.84,6.99,1691,70.9,6340,0
56.03,1.68,17.63,7.38,1661,70.12,2743,0
69.68,0.65,13.93,7.01,1450,78.74,6206,0
58.42,1.18,34.01,9.25,1461,77.02,3188,0
44.65,0.37,34.71,6.34,1615,67.04,3809,0
42.89,2.27,16.84,8.19,1793,63.38,3485,0
37.0,2.05,33.34,9.69,1692,81.57,6779,1
36.08,2.42,30.32,7.02,1493,43.16,1429,0
32.0,0.29,25.85,5.94,1701,44.11,4626,0
31.7,0.61,25.12,6.71,1562,81.4,2785,0
37.43,1.18,32.59,6.3,1659,77.08,8410,0
32.4,1.13,22.27,7.5,1667,88.68,8669,0
51.57,0.69,10.15,8.12,1592,92.05,3571,0
39.86,1.37,14.21,6.86,1452,97.0,5679,0
62.29,1.99,25.24,8.9,1533,41.24,2916,1
52.98,0.6,27.19,9.88,1719,85.97,5644,0
69.34,0.65,27.17,8.56,1622,98.69,6749,1
56.66,2.47,26.98,9.62,1610,63.33,7199,1
67.36,0.38,30.6,5.57,1603,69.53,2318,0
59.71,1.29,21.35,9.46,1789,95.87,7813,1
49.9,0.64,13.66,9.2,1632,81.37,5952,0
66.6,1.61,23.41,9.18,1554,49.68,456,0
30.38,2.44,17.37,6.72,1746,74.17,8327,0
66.62,1.5,34.89,9.93,1470,38.83,6441,1
48.68,0.94,22.74,9.47,1795,40.83,7318,0
56.46,1.85,16.88,9.22,1688,38.25,8196,0
33.2,2.32,25.6,9.14,1483,55.02,7269,1
68.14,1.71,30.05,6.55,1795,38.38,3100,1
62.12,1.71,24.99,7.45,1488,55.22,884,1
47.63,0.44,27.03,5.4,1482,49.88,3086,0
30.67,2.3,33.93,5.71,1752,70.75,4934,0
57.26,1.47,26.86,8.87,1484,39.6,8521,1
53.12,0.63,30.79,7.48,1752,62.6,7903,0
60.04,1.37,30.19,5.59,1639,39.9,1825,1
43.72,1.63,10.83,9.18,1728,86.92,6785,1
69.94,2.43,13.48,8.07,1554,46.29,7930,1
57.91,0.38,27.14,9.91,1647,84.65,2336,0
53.51,0.39,24.77,7.61,1607,58.28,5780,0
33.25,1.82,13.48,9.41,1788,96.52,2294,0
68.34,0.72,31.57,6.91,1484,72.47,7331,1
46.39,0.84,27.66,8.02,1714,61.1,3051,0
55.75,1.68,15.77,6.06,1794,64.86,8101,0
39.02,0.98,13.32,5.83,1670,96.82,1534,0
72.26,1.12,21.57,8.24,1633,42.9,1532,0
44.15,2.36,25.99,9.5,1647,36.01,6499,0
55.5,0.12,17.31,8.83,1714,54.42,8913,0
34.66,0.6,32.8,7.42,1673,76.01,2637,0
69.09,1.43,33.26,5.79,1729,78.73,7385,1
71.13,0.5,23.41,8.92,1756,93.89,728,0
62.39,1.24,11.61,8.49,1466,97.09,4567,0
61.28,2.26,24.41,6.09,1532,82.27,7114,1
53.37,1.99,23.73,6.0,1563,58.38,7326,0
48.48,1.19,11.85,8.79,1767,65.91,3137,0
43.74,1.49,20.74,5.82,1548,70.24,244,0
66.19,0.37,8.66,6.04,1701,38.16,6111,0
39.34,2.37,23.96,9.53,1755,85.66,395,0
30.4,2.45,20.74,6.28,1526,90.05,3090,0
33.67,2.18,30.0,5.9,1642,71.52,2351,0
50.21,1.96,29.96,6.13,1576,90.45,7575,1
39.43,2.3,26.15,8.64,1715,67.07,6891,1
30.38,1.71,29.81,9.53,1491,78.86,3912,0
56.23,1.47,33.82,7.86,1463,66.54,5614,0
66.83,1.76,8.79,5.78,1768,49.2,3967,0
44.45,1.09,32.46,6.99,1670,50.34,8747,0
32.43,1.67,30.63,6.17,1548,84.77,7349,1
43.98,0.85,20.27,8.81,1473,43.6,2724,0
51.16,0.87,25.69,9.4,1562,63.37,115,0
62.09,0.43,19.78,6.98,1592,97.13,5796,0
71.87,2.27,21.72,8.03,1599,65.5,3227,0
62.97,1.65,17.35,7.96,1483,59.66,8259,1
49.43,0.35,19.82,7.34,1518,94.98,4078,0
47.56,2.41,12.37,7.37,1693,44.45,4896,0
43.01,1.89,31.76,7.12,1767,84.25,8433,1
64.84,0.45,12.86,8.29,1684,52.38,4600,0
65.24,1.0,29.29,8.25,1488,97.24,3564,1
50.97,2.09,8.49,7.04,1543,77.25,7872,0
42.03,1.32,17.21,6.65,1710,73.68,7823,0
49.47,0.45,30.61,8.33,1713,62.96,7328,0
54.78,1.1,24.32,8.3,1562,81.35,4973,0
65.94,1.92,23.16,5.64,1456,42.88,2634,0
69.25,0.72,33.94,7.71,1791,60.91,8173,1
33.47,1.83,18.96,6.1,1504,53.36,4453,0
74.97,0.9,10.16,6.66,1503,96.78,5105,0
60.81,1.69,18.12,5.97,1731,98.75,7044,1
58.01,0.35,34.71,7.13,1672,77.79,4646,0
37.97,2.2,21.39,8.49,1657,68.4,5945,0
56.69,0.63,19.58,6.21,1615,71.89,6048,0
41.2,2.0,31.63,6.85,1603,52.91,6637,1
56.36,1.51,23.77,7.45,1467,91.32,5185,0
55.5,2.23,34.88,6.07,1589,54.69,2154,0
68.42,0.78,10.18,9.48,1534,99.99,3860,0
52.61,2.19,34.15,6.9,1732,56.7,1791,0
32.78,0.87,23.84,5.56,1583,77.32,6721,0
40.16,0.29,30.84,8.22,1550,72.82,3618,0
31.69,0.36,32.25,5.08,1705,92.61,5949,0
55.33,1.33,8.66,5.06,1495,70.77,5787,0
48.75,2.01,10.15,8.73,1631,41.93,7612,0
57.88,0.47,21.05,9.22,1504,41.17,7713,0
44.43,1.29,12.55,8.94,1749,87.11,5130,0
44.46,2.29,14.41,5.49,1469,69.63,888,0
66.29,0.59,27.3,7.7,1701,91.97,8323,1
70.88,1.84,33.23,9.0,1797,43.47,3738,1
36.12,1.29,12.0,9.04,1598,43.92,7882,0
47.4,1.03,25.9,8.9,1782,97.39,5888,0
36.18,0.96,27.82,9.14,1575,77.94,8279,0
38.47,0.26,29.78,9.33,1485,40.15,6607,0
74.19,1.82,20.25,5.32,1459,85.0,3999,1
69.31,1.09,32.14,8.38,1476,47.5,660,0
51.0,1.82,19.67,5.88,1653,79.54,282,0
36.38,1.63,11.23,9.42,1591,96.81,3052,0
35.08,0.12,11.89,7.64,1504,83.49,8744,0
41.75,1.81,22.13,5.67,1591,63.48,5238,0
44.37,2.28,11.75,8.91,1654,69.73,949,0
66.71,2.24,30.75,9.56,1584,89.86,8334,1
38.29,2.1,22.81,8.01,1715,83.18,762,0
54.41,0.58,25.3,6.23,1558,76.16,2136,0
44.44,1.03,21.94,8.76,1492,46.76,6829,0
33.84,2.1,24.89,5.73,1461,48.81,5810,0
53.74,2.35,27.77,6.57,1796,86.37,1660,1
49.46,1.38,15.71,8.84,1771,77.94,5379,0
60.56,2.41,26.27,8.22,1549,73.69,7797,1
47.03,1.88,21.59,6.86,1708,89.02,4531,0
47.55,1.43,32.49,5.78,1560,91.91,2982,1
71.69,0.92,25.43,8.38,1598,61.23,1632,0
57.01,1.56,11.08,7.92,1633,74.5,7332,0
48.56,0.33,31.32,6.89,1659,85.2,8079,1
46.25,2.48,32.73,7.81,1503,70.05,3694,0
57.1,2.33,27.18,7.54,1626,52.13,7013,1
48.19,2.37,10.03,6.88,1490,56.8,6302,0
33.32,2.14,24.21,7.93,1583,49.3,2353,0
62.12,2.37,16.4,8.84,1708,43.25,2961,0
44.68,1.94,17.02,9.92,1720,94.48,5574,0
48.82,1.27,9.66,9.73,1589,90.3,3443,0
51.12,1.59,21.89,9.94,1648,86.65,3545,0
34.06,1.71,10.11,7.22,1788,77.36,8638,0
38.07,0.47,30.84,5.84,1786,81.88,6750,0
41.79,1.59,12.05,7.27,1518,87.65,8057,1
31.48,0.75,25.5,5.93,1750,48.63,3392,0
44.92,2.22,20.41,9.05,1666,74.83,7305,0
41.19,1.33,12.83,7.14,1464,92.97,3212,0
74.24,0.16,16.58,5.18,1482,97.68,779,0
63.3,1.21,17.32,8.55,1600,75.76,6480,0
67.4,0.59,19.59,7.43,1765,42.54,1022,0
65.06,0.2,33.44,9.18,1563,90.18,4773,1
34.61,2.48,15.36,5.72,1650,42.62,4431,0
61.06,2.18,28.53,8.7,1716,98.25,8868,1
56.8,1.38,24.35,9.65,1732,55.44,3481,0
54.82,0.21,29.54,7.72,1724,39.97,8931,0
68.73,1.72,17.97,6.55,1662,62.59,8029,1
54.11,1.62,19.54,5.01,1738,98.16,2091,0
48.49,1.51,21.73,5.67,1501,49.82,6720,0
74.03,1.75,11.11,8.7,1571,84.14,2280,1
61.13,0.79,15.76,8.92,1636,97.79,3538,0
62.7,0.14,16.43,9.23,1758,73.13,808,0
35.72,0.7,9.43,7.57,1642,95.18,1479,0
62.85,0.82,13.65,9.04,1779,66.57,2108,0
62.04,2.39,34.64,8.85,1792,47.98,7458,1
67.75,1.16,25.2,5.86,1565,85.6,5642,1
58.42,1.29,28.8,5.08,1656,92.06,3928,1
55.26,1.49,17.07,5.35,1754,48.95,7273,0
43.78,0.71,19.19,8.23,1571,88.18,953,0
43.45,1.19,23.54,8.36,1713,37.59,4684,0
54.49,0.52,33.48,6.37,1678,35.72,2525,0
72.67,2.33,17.01,7.46,1731,70.67,6852,1
71.89,0.11,17.96,9.97,1767,60.14,5713,0
59.62,0.99,13.35,6.55,1531,81.16,8598,0
65.91,0.18,24.27,9.67,1659,67.49,7080,1
60.58,2.07,34.99,9.51,1777,97.81,3821,1
47.35,2.31,16.5,8.84,1531,63.39,4138,0
40.54,1.72,33.36,9.21,1742,40.54,7329,1
52.21,1.13,16.66,5.23,1570,65.54,6039,0
33.54,0.76,30.07,6.64,1576,53.06,2974,0
64.11,0.41,10.97,6.32,1788,82.06,7390,1
41.46,0.97,25.28,9.53,1560,45.25,1615,0
35.58,2.13,27.75,9.95,1464,56.73,4854,0
70.22,2.15,29.54,6.52,1663,89.97,8323,1
73.79,0.91,9.6,8.45,1549,95.68,8274,1
59.44,2.23,9.71,9.49,1730,36.9,2418,0
33.37,0.36,31.11,5.96,1738,85.05,136,0
44.16,1.27,8.11,9.83,1450,36.84,2664,0
37.4,1.99,11.0,9.81,1784,43.14,198,0
50.45,1.43,16.06,6.78,1572,84.32,5244,0
47.07,2.41,26.21,7.05,1624,96.91,7006,1
73.34,1.97,19.38,7.3,1532,61.93,4458,0
48.29,2.42,19.68,8.9,1768,86.53,5025,0
32.5,2.28,25.96,8.04,1450,70.53,6662,1
53.7,1.32,10.34,8.12,1616,87.06,6660,1
39.01,0.41,13.5,6.34,1728,50.39,8419,0
62.21,0.86,34.07,8.96,1798,72.56,1626,0
66.0,0.51,15.46,8.59,1672,96.72,1383,0
58.43,0.79,26.17,7.72,1766,82.02,8789,1
70.22,0.39,16.81,9.56,1550,96.98,7730,1
49.18,2.15,34.49,8.08,1625,67.55,7892,1
39.84,1.26,15.06,5.16,1790,84.34,4285,0
67.22,2.36,17.89,9.46,1557,97.7,8157,1
30.46,1.57,13.69,8.35,1507,93.41,2887,0
41.73,1.86,11.5,6.97,1512,64.05,5564,0
57.43,0.11,20.95,7.43,1515,48.6,7253,0
74.97,1.19,30.78,6.81,1793,57.01,5056,0
58.57,0.42,21.33,6.44,1676,66.79,4732,0
59.58,0.44,13.87,9.69,1760,58.79,6180,0
34.53,2.23,8.57,7.55,1698,50.4,6187,0
59.95,1.37,13.42,7.41,1507,56.39,7643,1
61.34,1.1,22.82,9.58,1466,70.13,1574,0
65.31,0.19,10.3,6.21,1546,61.8,954,0
42.36,1.32,31.63,8.62,1540,71.41,8888,1
74.26,0.48,23.33,8.0,1473,60.35,5653,0
31.17,0.41,23.78,6.02,1690,47.02,8983,0
66.49,0.71,10.29,6.78,1467,81.24,1988,0
47.8,1.67,27.84,7.11,1725,43.25,435,0
55.36,1.66,28.99,8.09,1710,37.29,597,0
58.68,0.39,18.78,6.18,1585,73.16,6134,0
57.33,1.74,17.04,6.57,1497,57.58,8271,0
46.71,2.18,24.94,9.11,1548,41.35,3974,0
58.31,0.54,20.19,7.02,1700,66.57,446,0
45.97,1.26,14.03,6.88,1714,88.92,3229,0
59.83,0.6,12.97,5.54,1769,74.14,2245,0
39.59,1.34,12.66,9.1,1498,81.96,1547,0
70.98,1.38,9.07,7.64,1688,88.05,382,1
38.72,0.53,10.2,6.14,1761,63.49,8022,0
48.29,0.43,19.89,7.59,1635,74.67,8563,0
51.94,1.21,16.95,8.66,1723,80.39,1455,0
48.59,0.3,22.57,9.04,1511,38.59,8318,0
64.25,1.41,20.14,6.46,1546,59.7,3237,0
61.84,1.42,14.48,5.14,1695,99.12,7457,1
57.19,0.62,26.21,6.72,1775,44.2,139,0
65.31,1.15,10.3,6.37,1752,79.83,3520,0
66.96,0.69,31.38,5.55,1664,69.7,1046,0
48.35,1.04,11.98,5.93,1526,58.73,8412,0
70.69,1.09,26.34,5.66,1626,57.43,358,0
68.04,2.4,22.9,5.7,1631,63.7,2935,0
69.6,0.44,34.54,5.53,1748,84.66,3627,1
74.05,2.33,22.56,9.22,1775,65.39,1247,0
50.37,1.3,14.2,5.31,1649,53.92,840,0
41.71,2.47,8.6,5.33,1659,56.94,3311,0
55.5,1.6,24.11,6.68,1777,93.03,6997,1
63.19,1.15,15.92,6.77,1609,41.54,5295,0
73.43,2.3,30.98,5.78,1762,56.84,2123,1
52.43,2.45,30.43,9.13,1625,62.61,8393,1
33.6,1.1,23.43,8.46,1692,56.08,1959,0
35.62,0.12,10.38,6.62,1517,43.02,4115,0
69.04,1.35,21.03,7.81,1462,97.73,1887,1
62.22,2.0,28.54,8.53,1674,93.37,3082,1
46.06,0.3,29.69,8.42,1472,56.55,5412,0
69.45,2.29,23.94,5.6,1634,69.06,4659,0
35.44,2.47,30.11,7.91,1605,50.01,5875,0
50.27,1.72,27.3,6.72,1750,51.62,6344,0
33.65,1.47,17.88,7.59,1794,78.88,4091,0
48.77,0.58,13.63,5.85,1533,37.51,7776,0
57.0,1.86,28.58,6.54,1485,82.53,7196,1
49.13,1.51,27.49,5.25,1560,98.7,2253,1
45.56,1.11,16.91,9.97,1495,60.08,6440,0
58.45,2.0,32.14,6.09,1762,85.65,2945,1
56.32,1.32,23.09,6.63,1495,51.13,2597,0
74.51,2.38,21.15,8.03,1620,64.69,800,0
36.84,2.33,13.66,8.2,1600,64.05,1840,0
34.53,0.27,10.06,8.55,1749,95.75,2516,0
56.79,2.46,13.21,9.13,1785,82.62,5840,0
73.91,1.56,30.75,8.68,1503,71.63,992,1
31.0,0.66,19.21,7.55,1565,90.83,6214,0
67.79,1.84,27.38,5.18,1658,49.42,2249,1
42.61,0.43,24.16,7.89,1725,95.75,7319,1
67.14,2.45,26.09,5.42,1784,46.1,2798,1
30.17,0.75,22.64,6.92,1699,41.14,475,0
41.18,1.24,28.45,7.52,1717,93.41,6616,1
52.29,2.14,31.89,9.77,1614,98.88,3363,1
67.48,1.25,8.71,5.61,1718,90.14,594,0
53.67,1.89,28.15,5.24,1596,85.09,2032,1
67.88,1.81,32.48,5.15,1635,81.67,2764,1
35.06,0.71,24.65,8.33,1535,58.5,4679,0
45.19,2.02,29.45,8.7,1766,77.04,7875,1
57.72,1.1,17.73,6.12,1758,83.53,3614,0
53.72,0.89,27.75,7.0,1641,35.61,6461,0
35.16,2.45,16.81,9.91,1560,87.03,341,0
31.38,0.81,17.51,5.26,1575,72.5,8994,0
38.26,0.63,29.57,7.8,1464,94.36,954,0
69.6,2.48,24.23,6.28,1520,75.03,5017,1
50.11,1.41,30.04,8.2,1466,98.47,8944,1
65.7,1.35,33.37,8.91,1616,75.01,4231,1
58.0,1.3,14.83,8.46,1557,45.24,3379,0
62.45,1.77,34.99,9.81,1617,84.55,7084,1
64.73,1.25,34.79,8.36,1707,38.44,6815,1
62.53,1.39,20.91,7.2,1660,67.62,1833,0
52.7,0.68,22.82,9.34,1776,82.11,7544,0
36.28,1.0,25.87,5.79,1789,42.75,2395,0
49.98,1.08,29.91,7.12,1492,68.66,1740,0
72.62,0.98,24.67,5.72,1661,98.7,7613,1
63.33,2.05,12.2,7.63,1761,86.16,3520,1
43.61,0.63,9.51,9.29,1499,91.58,138,0
46.31,0.16,8.25,6.25,1635,73.14,3239,0
40.61,1.39,17.73,8.96,1584,68.66,7698,0
31.09,1.84,23.27,6.79,1537,99.18,3617,0
57.26,1.43,20.04,9.13,1457,48.39,7533,0
45.22,0.36,30.47,7.13,1659,80.52,203,0
34.61,0.89,18.87,9.16,1640,74.55,2791,0
61.46,0.83,28.21,9.72,1485,68.98,2052,0
61.93,0.14,18.33,9.33,1639,54.65,529,0
35.66,1.69,9.71,5.24,1514,51.81,5838,0
42.02,1.93,14.58,6.15,1662,85.19,6700,1
51.43,2.5,9.84,7.57,1602,54.35,7487,0
47.4,0.56,10.86,9.93,1784,43.49,1680,0
50.49,2.05,20.72,7.68,1783,61.1,7629,0
72.67,1.18,31.14,9.17,1691,37.09,3095,0
53.06,1.23,21.56,9.09,1795,53.42,4790,0
56.36,1.78,12.72,6.96,1515,75.86,2397,0
61.08,0.54,25.06,8.59,1648,76.3,6178,0
33.55,0.53,33.88,9.59,1754,69.51,1161,0
53.62,1.79,30.79,7.92,1720,62.8,8672,1
38.95,1.51,26.01,5.26,1536,90.89,125,1
73.27,1.89,17.76,9.35,1552,75.81,7257,1
50.56,0.82,20.93,9.17,1656,92.67,2775,0
34.6,1.43,15.83,8.45,1581,96.76,7811,1
69.91,2.04,34.86,5.23,1467,60.54,1461,1
59.73,0.98,9.47,9.37,1687,46.96,7662,0
40.68,1.61,32.68,8.34,1581,83.98,7842,1
57.48,1.44,20.49,7.98,1656,98.32,7097,1
63.29,0.42,24.34,8.4,1592,37.26,1268,0
72.27,2.09,9.82,5.46,1745,65.97,7017,1
65.55,0.96,28.92,9.25,1541,53.17,7613,1
69.83,0.68,18.47,5.55,1596,74.06,7647,0
35.44,0.68,16.0,6.57,1776,72.4,2889,0
37.45,1.73,24.1,8.64,1765,44.93,7378,1
64.21,0.75,17.28,5.26,1511,63.27,8052,0
63.73,1.33,14.53,7.21,1676,52.69,6625,1
61.67,0.44,15.93,8.68,1545,52.58,6324,0
49.88,1.55,22.84,5.2,1564,74.44,8675,0
55.71,2.13,33.61,5.61,1532,99.34,1591,1
43.01,1.98,11.29,8.74,1570,59.5,4210,0
52.24,0.97,33.44,7.15,1555,77.12,4187,0
42.36,1.78,30.07,5.05,1458,49.21,5468,0
64.55,0.26,21.87,9.17,1647,72.97,951,0
33.07,0.61,25.91,7.33,1525,76.04,3340,0
69.85,1.28,31.76,9.31,1712,55.55,7885,1
49.34,0.71,34.04,6.69,1671,59.16,5993,0
69.39,1.88,10.65,5.94,1485,40.53,7038,1
53.37,0.39,20.98,9.53,1599,87.04,4213,0
48.9,1.98,31.68,6.15,1776,71.99,7000,1
60.36,0.68,30.64,7.13,1641,45.85,6928,1
71.86,1.06,14.75,8.55,1707,57.98,6289,0
73.3,2.02,26.37,8.91,1581,68.67,8602,1
35.21,2.4,15.45,9.09,1631,66.33,5269,0
68.76,2.44,21.68,9.26,1606,84.78,6556,1
31.15,1.38,24.99,7.11,1761,68.58,4567,0
40.59,0.16,28.14,9.64,1664,46.3,8934,0
55.23,1.92,28.74,8.39,1607,63.73,720,0
43.21,1.56,8.43,5.68,1586,64.6,6541,0
70.42,1.51,13.49,8.09,1534,95.59,4101,1
56.11,0.8,30.96,9.72,1484,70.87,7097,0
59.25,1.92,20.13,7.2,1786,98.65,2623,1
61.67,2.4,21.07,5.41,1504,65.18,6624,1
68.0,0.33,22.8,8.22,1682,37.29,3809,0
66.46,2.07,11.66,8.29,1646,47.03,3325,0
43.74,1.33,11.18,8.73,1698,71.85,5796,0
57.43,0.65,23.6,6.06,1615,50.02,3149,0
37.65,2.37,24.38,6.07,1767,74.66,3680,0
56.87,2.27,30.55,9.2,1602,53.5,2336,0
74.47,1.1,26.33,8.65,1636,87.35,2826,1
58.67,2.39,34.73,7.15,1781,60.93,7872,1
62.93,2.26,25.45,10.0,1465,76.62,2798,1
71.05,1.51,8.78,5.58,1720,94.39,6235,1
47.08,2.45,17.61,6.11,1768,85.61,4104,0
71.56,2.36,15.39,6.69,1560,62.65,4569,0
33.94,2.18,31.51,6.3,1573,43.42,2381,0
67.79,1.67,20.7,9.06,1742,87.48,3961,1
37.57,1.63,8.99,5.93,1474,96.26,3507,0
51.2,2.4,8.26,9.05,1528,92.82,5495,0
51.2,1.76,18.72,5.01,1783,75.66,2063,0
47.88,2.16,9.69,7.93,1471,82.62,3159,0
62.14,0.78,30.73,9.33,1553,51.69,809,0
43.35,0.89,19.84,7.98,1491,51.45,7571,0
42.14,2.29,21.02,6.22,1543,95.23,6754,1
68.78,2.32,26.37,6.34,1494,36.63,7080,1
64.94,2.18,29.9,8.84,1732,48.56,4702,1
66.3,0.78,31.54,7.49,1743,56.9,1990,0
62.2,0.87,24.22,9.36,1575,93.03,179,1
74.01,0.57,34.62,7.07,1629,64.73,8959,1
34.48,0.51,24.25,7.89,1567,65.83,1118,0
41.28,0.5,21.7,9.58,1521,79.86,5549,0
45.87,0.43,13.05,9.77,1528,93.71,7813,0
64.87,1.37,34.71,6.49,1571,84.92,6748,1
52.41,0.61,9.86,5.29,1711,44.19,408,0
30.53,0.9,15.4,9.73,1775,73.92,1855,0
70.85,1.68,14.23,9.15,1641,63.1,6805,1
63.76,0.36,22.04,9.87,1545,88.77,8762,1
45.91,1.86,8.2,7.45,1660,90.24,431,0
51.1,1.59,34.75,6.79,1677,87.33,5399,1
61.33,1.83,13.93,6.2,1478,78.01,4676,0
66.14,1.09,28.87,7.29,1623,61.08,4047,0
71.41,0.87,33.67,6.93,1679,38.35,6135,0
64.57,1.24,11.53,8.33,1690,37.08,3830,0
67.18,1.24,17.29,8.01,1537,86.92,5430,0
69.97,2.03,11.12,9.89,1489,77.43,4140,0
37.67,0.55,13.36,9.04,1500,98.27,7251,0
57.29,0.29,12.29,6.38,1485,67.28,5796,0
69.32,0.76,12.75,8.39,1692,64.48,8444,0
30.9,2.39,13.27,5.37,1588,91.55,6153,0
36.45,0.91,17.15,8.32,1495,72.87,5919,0
30.71,1.73,20.18,5.13,1760,57.74,2654,0
62.74,0.93,30.61,8.32,1721,80.86,540,0
40.79,0.87,34.98,6.21,1578,53.14,1333,0
53.97,0.85,29.06,5.93,1489,83.58,6494,0
36.03,1.55,25.18,8.99,1511,43.47,4849,0
69.82,2.26,25.89,5.86,1592,90.16,3607,1
39.42,2.4,24.83,6.37,1460,63.71,6989,1
72.46,0.96,34.39,5.65,1736,39.92,4141,0
65.3,0.57,15.19,8.29,1688,92.99,3860,0
51.82,0.77,22.08,7.5,1527,81.89,1733,0
30.09,0.98,29.02,8.04,1705,75.02,1710,0
67.68,0.47,24.0,8.29,1670,48.34,8284,1
66.97,0.81,8.37,5.54,1557,58.49,4491,0
36.01,0.11,21.35,7.38,1506,85.61,7437,0
62.24,1.89,16.71,5.49,1490,97.35,6542,1
70.56,2.47,21.14,9.87,1719,88.01,6533,1
67.46,1.91,24.8,8.88,1689,62.99,4591,1
41.79,2.09,19.85,8.97,1596,55.14,7033,0
63.64,1.87,13.88,9.77,1791,86.99,4436,1
44.73,1.6,16.93,6.11,1474,50.8,6407,0
73.52,2.37,11.56,7.41,1785,63.02,365,0
53.42,1.09,25.8,9.75,1755,88.97,727,0
39.1,1.48,9.98,7.25,1530,85.51,177,0
62.88,1.82,23.42,6.28,1593,99.83,1166,1
63.18,2.41,30.88,5.39,1791,36.26,8042,1
49.53,1.91,13.84,5.1,1660,62.81,3569,0
37.62,0.55,25.74,8.7,1761,37.99,5040,0
54.14,0.26,13.56,6.55,1634,37.15,410,0
41.08,1.04,11.18,7.67,1623,78.59,785,0
46.74,0.37,20.72,7.96,1784,53.27,7998,0
45.53,0.94,31.24,7.1,1651,71.45,4259,0
72.36,2.36,25.45,9.22,1473,94.3,5749,1
45.65,0.38,14.5,7.11,1688,54.91,2884,0
57.52,1.74,17.98,6.59,1574,64.31,2345,0
44.56,0.5,28.86,6.69,1745,45.19,2945,0
72.51,1.83,12.13,9.01,1712,86.28,2258,1
43.3,0.45,33.21,9.74,1758,83.16,7635,1
38.77,2.31,33.76,5.51,1562,53.37,275,0
68.76,2.23,22.82,7.37,1707,47.27,1317,0
33.12,0.76,13.14,7.24,1785,88.06,7814,0
56.87,0.81,22.31,9.4,1767,59.89,8643,0
55.58,2.42,15.24,6.81,1484,67.23,1527,0
43.46,1.31,29.48,7.83,1684,46.32,3287,0
35.69,1.7,12.55,8.57,1489,83.78,5705,0
67.36,0.22,34.23,9.54,1606,51.73,4723,0
47.76,2.35,26.95,8.27,1700,70.89,1422,0
43.5,0.75,10.96,8.7,1732,85.9,6347,0
66.35,0.53,19.08,8.2,1457,98.93,4942,0
61.97,2.07,20.05,6.98,1691,58.7,970,0
36.53,1.42,13.32,9.74,1771,65.3,3745,0
53.75,0.69,33.66,8.01,1560,84.39,7743,1
52.28,0.86,11.0,6.51,1642,65.54,5434,0
62.94,0.43,26.83,7.57,1605,51.42,1198,0
50.92,2.08,27.86,5.44,1460,47.31,3848,0
69.44,1.99,13.81,9.34,1531,77.04,8358,1
69.19,0.16,24.72,7.03,1730,36.28,6800,1
42.15,0.28,12.7,9.8,1785,57.49,1340,0
38.75,2.0,13.06,9.69,1728,40.77,1905,0
49.25,1.04,15.7,8.58,1580,37.02,7990,0
71.52,2.38,17.42,5.43,1795,95.85,5776,1
42.16,0.86,21.8,9.95,1753,39.81,3787,0
33.99,1.54,15.44,5.72,1569,36.04,4943,0
41.81,2.02,28.54,5.68,1654,52.05,7950,1
39.54,2.0,18.76,6.22,1476,79.38,7092,0
69.4,0.62,20.89,7.99,1539,43.92,3272,0
40.65,2.49,10.6,8.96,1777,94.56,7540,1
32.2,1.21,13.47,9.78,1602,78.71,946,0
64.65,2.44,10.79,7.13,1684,74.07,6385,0
56.18,1.08,12.21,7.89,1686,96.42,2826,0
41.53,1.47,13.82,7.8,1607,45.64,1869,0
58.98,1.44,26.76,6.66,1472,95.11,8935,1
46.5,0.58,28.23,6.09,1720,54.67,7131,0
41.78,1.31,18.78,9.87,1796,39.9,7684,0
68.09,1.29,24.66,7.82,1456,88.91,737,1
73.94,2.25,9.61,9.3,1770,62.58,8033,1
67.35,1.81,17.23,6.3,1696,53.28,1577,0
52.54,1.55,16.1,5.95,1650,43.25,1367,0
61.62,1.53,25.71,8.88,1664,52.25,3797,1
48.66,2.33,23.32,9.0,1740,53.64,7412,0
68.09,0.18,15.13,5.39,1756,72.25,3577,0
65.93,1.24,33.66,6.38,1488,92.65,551,1
38.35,1.61,15.83,8.13,1719,51.76,828,0
35.13,2.11,30.58,7.05,1553,87.18,8684,1
55.72,1.44,13.86,5.37,1748,79.15,7895,0
43.33,0.62,14.76,8.22,1631,88.16,6143,0
46.17,0.47,21.4,6.78,1736,41.58,108,0
66.32,1.33,20.65,7.97,1690,55.3,7974,1
70.89,2.17,8.2,8.53,1750,52.64,7503,1
61.54,1.04,31.71,9.97,1686,78.07,4076,0
50.45,1.38,15.6,9.31,1683,84.91,4501,0
68.34,1.78,17.44,9.91,1711,74.74,8331,1
66.64,1.98,28.9,6.99,1659,81.53,3478,1
54.46,0.67,29.65,8.05,1531,39.4,7845,0
66.1,1.16,26.61,6.38,1555,40.07,1033,0
63.31,1.82,10.49,8.19,1770,61.97,1609,0
56.78,2.12,10.62,5.38,1563,50.09,4475,0
68.28,2.46,13.86,9.05,1490,41.14,3319,0
35.65,1.53,13.47,6.35,1481,70.16,7493,0
52.34,0.65,9.17,7.1,1718,50.74,5509,0
32.19,1.9,9.46,7.9,1508,87.36,4917,0
39.53,1.66,14.21,5.4,1762,69.0,1864,0
43.23,0.35,19.47,5.71,1472,35.79,7832,0
58.43,2.45,33.76,9.81,1537,43.94,3982,1
63.72,0.84,11.92,5.13,1650,42.5,8586,0
52.75,2.1,24.66,6.96,1730,49.7,1994,0
70.87,2.36,8.64,5.84,1770,74.99,7666,1
40.06,1.04,8.51,7.38,1627,51.63,2563,0
38.31,2.15,22.25,8.48,1470,48.4,1788,0
39.93,1.25,14.33,5.96,1708,77.28,879,0
60.45,1.06,28.01,7.25,1730,35.35,1001,0
70.25,2.24,29.8,5.44,1635,42.22,8293,1
68.13,1.3,9.54,8.86,1497,47.1,7508,0
33.74,0.67,19.23,5.07,1620,72.35,7482,0
53.1,2.35,11.27,5.93,1597,81.67,7550,0
49.2,1.48,22.86,5.66,1719,99.38,4901,0
30.71,0.82,17.85,5.23,1606,76.32,7260,0
72.44,1.63,33.26,9.93,1497,83.73,7763,1
46.49,1.53,24.3,5.41,1788,82.46,3497,1
39.99,1.88,16.69,8.58,1736,93.57,4064,0
48.02,2.14,9.0,9.45,1688,57.01,6098,0
69.86,1.93,30.3,9.28,1510,84.84,6234,1
34.33,1.67,30.15,9.15,1659,51.67,596,0
44.91,0.95,29.3,6.37,1640,40.7,3005,0
52.08,0.11,15.36,5.69,1772,53.16,7047,0
45.72,0.92,26.61,9.8,1490,47.16,1342,0
72.91,1.72,25.78,7.26,1629,46.92,1808,1
45.3,0.82,15.47,7.43,1582,51.64,5995,0
62.75,0.68,22.96,8.01,1571,53.77,1260,0
63.41,0.42,11.39,5.24,1792,70.61,1157,0
36.66,0.23,25.81,6.34,1799,35.57,7155,0
45.77,1.39,9.6,5.21,1552,47.36,7153,0
70.43,1.99,26.93,8.7,1453,60.07,6744,1
69.89,1.76,14.94,9.22,1702,49.77,3026,0
40.87,1.34,28.9,9.69,1799,63.25,5332,0
33.23,1.87,23.57,8.16,1643,68.02,8608,0
30.48,2.29,16.04,5.14,1584,99.17,1977,0
30.76,2.41,30.68,5.01,1689,57.01,4433,0
47.42,1.91,29.04,5.17,1699,35.5,8701,1
70.47,0.55,23.01,9.34,1756,67.91,7572,0
65.09,2.46,19.41,6.65,1654,56.83,6202,0
49.71,0.83,15.28,7.41,1765,66.68,152,0
62.33,2.3,14.43,9.2,1617,35.07,6947,1
51.98,2.14,16.42,5.96,1470,96.26,6208,0
62.04,2.36,30.39,8.33,1476,63.31,3766,1
45.91,1.11,25.96,6.67,1572,63.01,4574,0
36.11,2.14,19.8,8.47,1644,46.01,4017,0
43.8,2.07,9.23,7.28,1620,64.1,4568,0
43.3,0.95,20.18,5.52,1720,65.59,2874,0
51.07,0.39,29.79,6.34,1566,88.8,5796,0
63.52,0.47,26.21,7.5,1782,84.14,5790,1
68.81,1.97,17.6,7.03,1713,60.94,6042,0
48.33,0.62,21.62,7.45,1452,85.19,2387,0
58.98,2.01,22.94,9.4,1616,85.71,8922,1
62.64,2.14,24.74,5.95,1671,81.12,5947,1
73.03,1.57,9.53,8.61,1633,41.44,3540,0
42.13,2.43,17.4,9.66,1720,79.59,4605,0
38.57,1.48,23.51,5.96,1598,68.7,4684,0
56.0,2.03,15.13,9.43,1676,59.4,4110,0
64.88,1.4,27.38,5.45,1482,99.9,4436,1
65.61,0.39,34.05,5.67,1501,56.54,279,0
60.63,1.48,15.2,9.48,1456,98.02,6589,1
40.97,0.98,27.33,7.6,1558,74.63,4498,0
68.16,0.46,32.18,6.58,1675,95.74,6338,1
34.77,0.26,16.83,8.77,1778,66.43,4943,0
41.59,0.65,24.92,9.91,1672,53.28,6009,0
45.4,0.34,34.32,6.71,1628,36.1,275,0
52.49,1.72,34.28,9.28,1788,46.06,6973,1
67.69,1.33,11.84,9.83,1515,42.6,176,0
41.23,0.56,15.77,6.35,1772,42.03,3165,0
73.12,0.23,16.65,6.25,1466,79.88,6914,0
35.14,2.17,24.1,7.06,1617,58.23,6747,1
44.63,0.25,21.4,7.19,1521,54.79,3163,0
47.74,2.46,31.72,9.54,1783,35.22,843,0
69.32,2.29,8.5,8.28,1530,42.07,8486,1
30.5,2.1,16.29,9.54,1677,89.7,1049,0
61.64,1.45,32.93,6.22,1729,41.49,4661,1
63.86,1.77,14.83,7.0,1665,36.46,3837,0
71.9,0.59,14.69,8.3,1645,66.13,4519,0
30.12,1.24,19.3,5.92,1622,66.19,6209,0
60.28,0.88,33.11,6.21,1548,65.04,1311,0
59.04,0.98,9.39,8.66,1718,86.75,7246,1
37.75,2.44,31.65,6.79,1536,69.81,6324,0
55.08,0.24,26.96,8.42,1697,74.07,4429,0
38.68,0.77,24.03,9.07,1775,76.39,8730,0
51.14,1.22,23.02,6.91,1726,84.48,2225,0
56.78,1.21,9.75,5.05,1666,87.7,6509,0
65.73,1.21,10.07,6.36,1472,53.23,466,0
30.14,0.73,32.52,9.75,1510,51.03,820,0
37.57,1.12,20.54,9.47,1469,78.55,8274,0
32.63,0.36,17.18,6.5,1587,52.84,2142,0
56.19,2.31,11.38,7.86,1487,99.46,2474,0
56.89,0.74,30.33,6.3,1645,37.53,7195,0
34.53,0.86,24.29,5.32,1679,43.96,8114,0
34.41,0.28,24.57,5.61,1791,47.28,3840,0
31.95,1.38,26.52,9.17,1711,35.1,157,0
39.34,1.38,28.7,8.32,1710,72.4,2646,0
60.91,2.42,25.55,5.86,1734,78.75,6522,1
52.48,2.32,27.75,6.34,1763,87.89,2384,1
65.8,0.88,24.12,8.78,1719,71.15,898,0
33.29,0.82,20.32,7.07,1597,79.17,8975,0
73.96,0.19,19.32,5.06,1496,42.26,1295,0
42.15,2.26,32.79,8.83,1588,98.48,5862,1
57.55,1.17,8.83,6.48,1719,65.86,2136,0
33.56,0.11,11.56,9.63,1588,52.75,6035,0
65.12,2.29,12.4,6.57,1470,95.79,4466,1
74.28,0.55,11.88,7.98,1474,73.43,5075,0
74.44,1.31,33.88,5.73,1494,97.78,7676,1
36.09,0.18,13.12,8.38,1770,46.97,1267,0
54.53,1.67,30.69,5.31,1600,81.62,7694,1
50.13,2.37,18.01,8.06,1638,63.59,2435,0
74.45,2.29,34.4,6.18,1695,69.98,489,1
67.24,1.44,25.46,9.71,1707,98.32,7114,1
70.41,0.39,10.1,5.96,1495,65.77,2929,0
62.51,1.78,14.68,5.65,1691,79.79,6974,1
67.32,2.02,34.83,7.41,1680,56.75,4242,1
45.22,1.25,10.48,7.61,1472,73.53,7855,0
31.69,1.42,12.3,8.15,1451,46.33,8484,0
35.1,0.7,25.93,9.96,1700,94.01,1871,0
54.39,0.53,13.79,5.82,1721,74.86,8761,0
48.38,1.46,21.01,5.13,1739,41.04,7325,0
31.38,1.14,31.83,9.17,1489,75.43,2816,0
37.48,0.56,9.03,8.82,1717,85.23,3561,0
38.96,0.18,25.03,5.38,1718,62.09,6499,0
73.0,2.47,9.98,6.84,1635,97.19,3917,1
46.08,1.88,24.15,6.57,1627,96.82,2077,1
51.93,1.2,32.86,5.48,1636,72.91,6107,0
52.41,1.2,32.76,6.43,1712,82.88,4229,0
36.81,0.29,30.12,9.75,1787,95.71,8097,1
64.84,0.64,8.45,7.09,1777,96.62,8653,1
66.65,0.19,17.05,5.85,1669,76.11,8695,0
69.49,1.39,12.85,9.13,1725,70.9,6697,1
42.73,0.91,15.8,5.41,1617,50.87,2192,0
38.05,1.32,12.85,5.19,1522,35.03,1874,0
37.64,0.74,17.22,9.82,1452,95.88,5513,0
67.18,1.28,9.79,9.78,1603,85.8,6019,0
51.82,2.15,12.53,9.51,1520,39.96,6656,0
74.31,1.64,23.4,7.6,1483,60.42,4820,0
30.81,1.97,23.77,6.19,1498,43.54,7908,0
41.37,0.82,13.35,7.91,1615,41.34,6412,0
30.84,2.28,29.11,9.25,1640,99.85,4096,1
44.09,1.56,27.95,5.8,1470,65.29,4931,0
38.61,1.63,18.44,6.11,1578,72.9,7904,0
68.5,2.14,33.11,7.68,1624,74.94,8133,1
43.9,0.74,13.67,6.22,1458,51.31,7130,0
65.29,0.68,13.77,5.16,1748,89.81,1084,0
42.18,2.01,11.73,5.47,1719,41.89,8664,0
42.56,1.79,25.58,6.37,1513,88.36,7058,1
73.16,1.75,9.07,5.98,1468,98.48,8779,1
52.84,0.56,9.82,6.33,1565,63.34,2018,0
73.11,2.11,30.74,7.31,1519,85.38,7065,1
35.52,1.38,28.16,7.07,1502,98.7,4650,1
69.12,2.48,29.12,8.77,1533,37.39,1940,1
44.96,0.24,27.01,5.53,1469,40.25,2552,0
67.28,1.89,14.92,7.44,1624,60.56,8123,1
50.25,1.25,25.56,7.33,1657,76.08,1992,0
55.36,1.18,11.02,5.11,1752,38.3,3202,0
51.2,1.1,29.84,5.77,1585,63.17,4904,0
58.13,1.28,32.08,9.39,1757,95.91,2891,1
46.29,0.24,34.89,8.66,1608,72.47,6661,0
66.8,0.49,30.38,7.34,1580,46.31,5143,0
33.32,1.47,23.22,5.84,1556,83.63,5878,0
51.19,2.32,25.24,5.54,1597,50.02,3784,0
68.46,0.39,13.83,6.44,1745,83.3,3719,0
33.44,1.01,33.18,9.85,1635,52.77,5781,0
64.17,2.22,8.94,5.63,1690,86.77,3992,1
42.63,0.34,28.55,6.17,1536,62.33,7218,0
68.95,0.27,31.25,8.43,1654,82.7,7152,1
73.55,0.95,17.06,6.89,1647,49.7,2926,0
40.41,1.16,31.08,5.2,1494,35.44,8451,0
45.11,2.24,29.72,7.07,1523,87.05,6239,1
59.18,1.31,13.12,8.06,1636,36.72,6557,1
41.94,0.96,29.26,8.84,1465,42.13,8835,0
62.45,2.45,9.32,9.23,1700,68.38,9000,1
56.24,1.89,18.38,9.15,1696,84.85,7209,1
69.56,1.16,10.81,6.21,1467,68.47,4813,0
61.44,1.76,28.85,6.32,1651,57.72,3451,1
43.26,1.77,25.58,5.23,1625,97.68,8346,1
66.27,0.17,19.9,9.63,1797,55.88,5899,0
48.31,0.93,23.37,7.06,1783,41.2,6556,0
58.44,1.56,11.87,5.5,1779,43.29,5745,0
74.2,2.17,22.38,8.29,1650,40.89,5075,0
59.7,1.99,11.3,5.33,1609,35.73,4181,0
35.03,1.0,29.99,5.94,1758,67.58,1303,0
53.78,2.34,29.77,8.89,1730,88.01,6499,1
38.74,1.05,12.64,5.88,1503,68.71,3277,0
50.55,1.8,13.46,7.35,1526,84.79,2564,0
43.31,1.91,18.59,7.29,1552,36.18,8038,0
59.85,2.05,12.31,6.15,1527,59.37,3960,0
66.74,1.17,32.73,6.32,1567,53.31,5236,0
41.05,1.55,14.95,6.62,1510,76.85,8866,0
48.64,0.49,31.26,9.64,1765,75.66,4887,0
31.11,2.46,27.95,7.72,1762,52.95,6498,0
32.77,1.08,19.52,6.79,1720,50.7,3001,0
51.75,0.41,18.04,5.87,1654,96.89,3263,0
56.3,1.47,15.69,5.7,1725,70.51,3101,0
55.83,1.7,29.58,7.93,1494,49.54,5374,0
52.69,2.18,22.88,5.27,1735,79.73,2826,0
43.64,0.37,23.85,7.74,1667,95.66,7202,0
73.08,2.45,31.43,6.22,1503,78.88,2088,1
52.47,1.14,29.89,9.14,1512,42.27,3777,0
71.25,1.75,20.24,5.4,1719,43.24,1212,0
50.12,1.58,34.04,8.34,1646,76.65,4442,0
50.01,1.66,13.8,8.95,1485,67.71,8705,0
57.44,1.58,12.9,9.43,1790,42.24,6575,0
47.11,0.19,17.23,8.77,1478,37.64,8699,0
46.21,2.37,26.82,8.83,1634,52.37,4306,0
71.7,1.32,17.69,9.17,1507,54.96,244,0
39.75,1.25,26.46,7.47,1677,80.61,8740,0
64.45,2.4,16.31,8.88,1528,46.4,5178,0
70.89,2.43,32.61,9.41,1463,41.21,2730,1
60.16,2.13,11.47,9.56,1649,54.65,8088,1
57.79,1.83,26.65,9.4,1708,53.22,7027,1
37.62,0.84,27.22,7.35,1793,69.9,6646,0
47.11,0.56,22.21,9.74,1716,60.95,928,0
72.94,1.81,19.56,8.05,1641,55.36,975,0
56.92,0.4,8.35,6.03,1644,37.04,6994,0
43.16,2.33,28.7,6.58,1547,39.73,5164,0
58.52,2.17,22.52,6.11,1502,81.09,3753,0
50.64,0.22,32.62,6.27,1710,76.09,3327,0
62.92,0.47,24.5,5.11,1618,57.96,131,0
51.85,1.44,30.41,5.99,1781,87.19,5907,1
37.95,1.96,16.26,7.75,1494,58.13,3853,0
61.29,0.89,25.73,9.89,1591,40.08,8678,1
49.62,1.05,14.12,8.41,1799,76.99,5175,0
57.13,1.33,17.75,8.54,1470,57.09,567,0
40.63,0.95,33.64,5.75,1514,68.27,1262,0
58.37,2.19,27.37,7.69,1579,82.42,4697,1
50.12,0.92,24.61,5.54,1462,47.27,4363,0
70.58,0.95,31.12,8.45,1727,48.36,933,0
39.69,1.24,17.23,8.42,1556,57.31,2094,0
37.82,0.88,31.71,6.34,1762,80.15,8096,0
36.28,0.96,19.49,8.35,1634,73.03,8711,0
32.3,1.11,30.81,6.86,1670,63.79,7964,0
48.96,1.92,14.87,9.91,1480,37.08,7112,0
33.22,2.02,21.52,5.49,1728,72.96,8064,0
59.79,1.01,20.82,9.54,1659,91.16,4722,0
73.87,0.8,13.5,6.45,1700,58.43,4219,0
31.62,0.83,11.49,9.73,1667,38.29,2904,0
65.13,0.66,31.24,8.93,1500,39.65,4037,0
50.07,0.22,10.89,6.47,1716,76.94,3230,0
54.95,0.41,31.17,6.51,1494,43.48,2561,0
73.03,0.25,9.48,5.42,1793,66.55,8871,0
51.15,0.59,8.95,6.82,1721,85.75,643,0
38.8,2.48,22.48,7.74,1544,91.69,5275,0
36.25,0.31,33.4,6.36,1549,48.57,3718,0
32.91,0.18,16.18,7.76,1771,41.08,199,0
44.84,0.25,21.58,8.87,1692,86.88,5447,0
32.24,1.4,28.01,7.72,1718,60.95,8834,1
57.06,0.2,23.87,5.87,1493,58.3,1552,0
55.58,0.14,10.4,7.57,1705,74.76,8245,0
51.74,2.21,20.7,9.45,1582,65.01,3111,0
52.21,1.02,22.9,6.74,1551,96.04,539,0
69.85,2.14,24.87,5.79,1789,62.41,5848,1
55.49,1.88,27.05,7.49,1779,55.36,5489,0
47.8,0.68,17.95,8.57,1724,58.6,8981,0
52.57,0.9,16.42,7.7,1792,93.22,8439,0
57.75,2.37,30.66,9.77,1757,76.85,3210,0
33.61,1.68,25.28,8.32,1766,93.38,6730,1
37.31,1.88,34.7,5.27,1512,40.84,8350,1
68.43,2.26,15.26,8.63,1795,88.22,7824,1
54.57,0.45,12.1,9.87,1493,95.95,5273,0
33.83,0.39,33.56,5.14,1581,79.42,2817,0
57.06,0.75,25.95,8.12,1516,76.07,999,0
74.84,0.63,29.23,7.5,1504,68.5,7854,1
38.77,0.77,31.22,9.83,1605,77.69,8307,0
54.9,0.24,14.51,5.72,1716,43.58,4343,0
39.38,0.61,14.03,8.6,1517,82.11,1420,0
41.45,0.18,11.82,6.31,1769,75.64,4002,0
68.01,0.55,8.03,6.62,1546,79.12,770,0
31.07,1.41,11.58,9.85,1643,55.43,845,0
45.44,0.96,19.33,8.04,1503,97.55,980,0
57.29,1.14,33.61,7.59,1453,58.71,1642,0
59.18,1.66,12.91,9.23,1653,93.43,2079,1
67.35,2.11,30.36,8.41,1709,77.5,8242,1
67.25,2.32,25.01,5.84,1622,85.85,1143,1
51.04,0.47,27.79,6.61,1537,51.87,4466,0
71.79,1.26,33.68,5.11,1461,95.42,8349,1
52.97,2.41,10.69,7.32,1669,65.0,5291,0
71.88,1.63,27.01,5.01,1522,98.35,8558,1
74.15,2.08,21.1,8.36,1503,75.39,5773,0
43.02,1.71,15.84,8.53,1754,85.49,116,0
43.68,2.28,26.01,6.52,1673,62.9,2268,0
73.96,2.11,14.02,7.8,1749,54.05,2020,0
38.53,1.94,26.92,7.45,1597,37.49,6082,0
72.09,1.81,20.29,5.15,1544,58.01,5739,0
65.73,0.21,33.21,9.04,1569,66.57,4744,0
58.74,0.14,18.35,8.67,1605,63.63,8050,0
57.12,1.8,19.83,8.16,1689,37.51,4150,0
68.6,1.06,23.1,5.31,1716,54.24,5141,0
38.94,2.24,26.23,7.52,1734,69.37,3558,0
45.55,1.44,12.41,5.29,1797,39.94,8924,0
32.25,1.89,30.33,9.54,1702,83.44,8039,1
62.4,0.69,16.12,5.08,1591,80.5,8203,0
41.19,2.02,18.17,8.26,1515,92.04,8446,1
35.59,0.96,10.97,9.84,1702,60.5,3160,0
53.97,1.26,17.24,6.39,1545,58.95,350,0
63.11,0.93,30.76,8.48,1539,91.11,6951,1
68.54,0.37,15.64,9.64,1597,99.01,8019,1
49.86,1.99,31.48,6.96,1557,36.49,3632,0
51.6,2.08,25.52,5.41,1767,52.74,1162,0
34.71,1.34,24.86,6.01,1458,81.5,8733,1
70.0,0.71,26.49,7.19,1450,59.38,5294,0
43.12,2.44,34.38,5.71,1473,81.31,1365,0
70.99,0.34,9.28,5.12,1487,67.87,8142,0
57.92,0.95,18.02,5.55,1599,39.21,4178,0
51.83,0.53,28.25,8.99,1503,35.56,4122,0
40.62,1.37,16.11,8.87,1614,92.18,3646,0
45.16,1.75,12.87,6.93,1765,40.1,6316,0
40.15,0.41,9.98,7.81,1606,68.69,6027,0
58.94,2.33,34.69,8.59,1504,63.44,4531,1
60.21,1.94,11.03,6.33,1460,67.51,1309,0
46.95,1.94,19.69,5.25,1515,91.0,246,0
32.76,0.79,32.99,8.51,1693,89.84,3969,0
58.29,1.39,22.05,8.64,1784,55.1,4656,0
36.17,1.66,13.3,6.3,1642,41.69,1909,0
57.53,2.49,20.18,9.4,1782,92.58,7713,1
55.0,1.24,19.99,6.22,1609,73.79,7417,0
73.69,1.82,14.53,7.53,1508,40.65,5576,0
40.79,0.36,21.24,6.4,1684,61.35,2591,0
43.47,0.16,15.73,8.74,1701,37.29,7379,0
63.55,0.36,19.17,8.87,1481,57.79,1871,0
70.0,1.87,28.05,5.94,1460,47.27,224,1
44.37,1.52,9.5,5.42,1640,97.24,3214,0
71.55,2.04,17.6,9.16,1699,80.73,4373,0
39.34,1.45,20.96,5.93,1713,98.38,731,0
62.56,1.82,29.67,9.91,1778,97.04,1174,1
31.24,1.88,32.42,5.66,1544,97.41,3706,1
42.78,0.92,23.55,6.63,1678,43.32,434,0
57.76,2.49,22.66,5.15,1546,63.34,7597,0
67.9,1.28,8.76,5.79,1568,48.62,2621,0
69.82,0.49,8.37,7.31,1543,36.74,3740,0
42.29,0.51,24.28,8.31,1749,89.36,816,0
55.61,0.62,8.03,6.56,1605,74.63,3631,0
68.86,2.25,29.16,6.13,1539,49.99,7832,1
63.79,1.67,14.32,7.26,1712,98.33,4061,1
67.68,0.79,29.67,5.35,1539,75.54,3868,0
33.82,2.42,29.83,8.11,1463,57.4,7838,1
71.74,0.16,27.23,9.89,1652,84.66,5987,1
74.16,0.81,28.68,7.56,1796,48.78,1026,0
30.48,0.26,24.22,9.62,1580,97.59,1823,0
69.28,0.47,15.94,5.19,1792,98.6,2515,0
62.65,1.4,29.3,6.86,1782,81.17,7010,1
52.51,1.63,31.86,6.84,1650,73.59,1730,0
33.47,1.21,17.92,5.41,1643,56.2,7028,0
61.8,0.15,28.17,7.41,1765,51.0,1404,0
74.3,2.14,17.69,5.46,1556,88.49,1615,1
45.42,1.25,14.19,7.95,1658,57.84,5835,0
57.87,2.23,31.05,8.08,1786,73.21,6149,0
60.42,2.03,21.29,9.69,1688,51.55,8406,1
67.11,0.13,15.4,5.45,1780,92.98,7835,1
46.57,1.03,11.38,7.8,1563,39.51,3397,0
46.65,1.86,12.19,8.49,1546,96.77,496,0
43.1,1.78,26.13,9.21,1508,85.52,2557,1
49.15,0.58,29.56,7.37,1535,37.23,3765,0
53.84,1.85,23.55,8.97,1616,58.59,2795,0
66.94,2.18,34.11,9.55,1630,83.55,8738,1
40.06,0.57,33.49,9.94,1501,50.09,6971,0
35.36,1.51,12.99,6.52,1796,91.02,2494,0
65.73,1.38,29.21,8.31,1718,80.84,6656,1
73.27,1.07,34.61,8.98,1494,50.23,8639,1
73.83,0.36,9.5,5.97,1786,55.92,6600,0
71.73,1.63,28.68,6.98,1577,76.02,500,1
38.96,1.07,18.98,9.94,1699,48.49,7997,0
50.66,0.93,30.29,8.66,1743,39.5,2519,0
36.66,0.75,22.55,9.44,1546,50.51,6325,0
55.48,0.97,20.53,8.07,1585,95.57,7606,0
67.87,1.16,34.78,7.97,1653,87.93,4911,1
69.62,2.18,23.01,8.88,1785,51.12,6794,1
32.17,0.17,33.61,7.3,1791,98.79,1282,0
40.85,2.0,17.31,5.56,1551,62.83,6756,0
34.51,1.37,12.8,7.34,1512,59.57,8153,0
74.47,2.27,24.13,6.92,1661,78.33,3608,1
65.69,1.91,29.93,9.32,1573,53.04,4673,1
53.66,1.24,9.97,9.42,1639,60.26,6747,0
47.18,0.24,31.05,6.7,1790,64.5,7733,0
63.42,0.1,22.64,7.6,1639,59.81,1202,0
67.31,1.96,32.37,9.85,1774,72.47,2347,1
50.97,2.4,32.85,9.74,1769,77.16,4098,0
50.54,1.45,23.44,8.97,1625,41.12,7910,0
57.01,1.84,22.09,8.35,1462,85.03,6258,0
54.35,1.56,9.34,6.91,1686,99.68,2769,0
34.01,0.94,13.47,6.0,1729,89.31,8212,0
74.64,2.36,25.27,7.63,1715,73.32,6475,1
35.3,1.04,8.33,5.77,1546,67.17,2313,0
30.99,1.52,23.75,7.39,1555,45.27,3677,0
74.13,0.53,28.36,9.31,1714,84.76,1864,1
35.64,2.29,12.19,8.56,1556,49.86,8929,0
56.81,1.81,27.93,6.19,1503,92.88,6371,1
66.41,2.03,30.91,6.41,1684,68.16,8345,1
57.04,2.38,25.66,9.26,1641,64.17,482,0
69.28,0.1,17.48,7.14,1469,35.59,5092,0
55.34,2.01,18.61,9.33,1708,56.01,5951,0
44.43,1.55,8.1,8.32,1517,91.39,4672,0
71.87,1.08,32.38,8.24,1701,36.13,3926,0
72.61,1.12,14.43,8.46,1495,99.24,3134,0
67.01,1.26,24.95,6.91,1489,35.94,1791,0
57.65,2.41,14.11,7.28,1640,55.5,3858,0
36.84,0.38,34.89,5.51,1638,94.59,6285,0
48.27,1.77,31.99,9.25,1568,95.85,5994,1
58.93,1.05,31.72,5.43,1644,48.31,7227,1
67.48,0.73,14.43,9.77,1502,54.83,8452,0
44.82,2.18,30.17,5.91,1562,82.38,6684,1
55.59,2.35,11.26,9.83,1692,40.64,5267,0
70.58,1.57,32.34,5.66,1461,59.01,7744,1
56.36,0.9,23.65,5.13,1770,57.53,4653,0
47.57,0.55,29.25,5.63,1514,98.29,1489,0
48.16,1.51,21.03,8.97,1456,62.88,534,0
41.44,0.48,11.67,8.14,1698,97.65,7296,0
59.86,0.79,16.06,5.6,1543,59.56,8515,0
51.01,2.14,13.49,5.95,1723,48.33,5294,0
64.46,0.73,12.24,5.95,1712,49.96,8056,0
39.69,2.47,21.82,6.92,1621,75.89,7269,0
39.38,1.35,30.39,8.91,1744,46.86,7608,1
50.72,1.45,27.78,6.55,1576,62.68,8999,1
51.42,1.58,28.22,7.35,1765,59.46,6209,0
61.56,0.63,34.15,6.87,1481,62.33,3946,0
30.64,1.59,33.72,9.51,1761,66.54,4140,0
44.63,1.86,13.41,7.13,1660,46.41,6949,0
46.1,2.48,23.11,5.83,1627,51.19,4130,0
45.26,0.15,13.73,9.78,1474,69.88,2999,0
53.06,0.98,11.48,7.37,1640,48.61,6393,0
57.0,0.78,12.98,6.25,1536,88.37,1264,0
55.81,0.97,27.24,9.82,1614,41.63,2737,0
70.45,1.08,23.4,8.41,1564,77.47,2298,0
66.48,0.11,27.83,6.7,1644,66.94,2545,0
58.71,0.18,28.69,7.68,1506,72.44,6796,1
66.14,0.75,15.87,9.32,1621,73.54,3067,0
74.52,1.42,13.83,7.32,1622,89.17,998,1
35.47,1.63,28.18,9.76,1538,75.06,6416,0
59.19,1.97,9.99,9.51,1626,77.13,6769,1
60.68,2.36,32.57,8.26,1565,66.79,8851,1
57.88,0.76,19.04,6.32,1555,50.95,2782,0
49.98,1.84,30.33,6.79,1558,63.12,2610,0
63.75,1.68,33.72,5.31,1661,52.33,6924,1
42.99,2.3,20.98,7.63,1758,89.6,6305,0
60.12,0.35,31.4,8.56,1450,44.28,116,0
51.36,1.78,11.07,8.92,1498,87.85,8130,1
46.42,0.53,32.73,6.2,1654,71.32,6830,0
72.35,2.1,27.75,5.01,1763,42.21,2675,1
68.61,1.88,15.83,8.45,1544,95.77,7902,1
50.14,0.75,30.56,7.29,1521,43.62,3350,0
44.39,2.49,24.02,7.95,1660,92.6,2593,1
35.39,1.59,31.82,7.3,1493,81.28,8177,1
33.81,2.49,22.0,7.23,1598,70.34,6689,0
46.9,1.04,17.25,8.22,1655,60.22,2883,0
62.63,1.38,24.48,9.56,1605,69.82,1468,1
36.09,1.41,14.79,6.11,1633,43.1,2445,0
71.99,1.1,15.82,6.11,1598,55.45,7088,0
40.4,2.38,13.79,9.11,1737,56.59,661,0
56.2,0.46,21.78,6.99,1455,60.59,3861,0
67.74,1.97,12.57,8.27,1782,68.21,4509,0
45.52,2.42,26.7,5.55,1480,59.93,3493,0
69.28,2.32,32.05,7.84,1714,84.73,7765,1
31.66,2.14,31.86,7.67,1675,38.1,3868,0
50.24,1.38,12.24,8.43,1659,93.48,617,0
35.04,0.49,23.58,6.06,1690,70.46,1364,0
68.54,2.43,28.06,9.18,1618,38.27,5526,1
73.86,0.6,31.05,6.75,1508,94.37,8202,1
38.33,1.2,17.43,9.46,1458,63.19,6369,0
68.13,0.42,25.95,9.2,1450,39.5,5078,0
67.59,1.48,14.7,6.84,1617,72.95,3158,0
59.76,1.71,24.72,8.92,1457,37.8,1310,1
62.53,0.23,31.17,5.95,1672,72.99,499,0
37.56,2.07,26.47,9.1,1619,55.2,5742,0
34.05,1.65,13.79,6.61,1530,90.8,6388,0
63.84,2.21,33.23,5.11,1469,52.81,5319,1
46.07,1.37,22.73,5.63,1633,59.34,3077,0
52.19,1.46,18.67,7.5,1673,88.35,1878,0
50.73,2.3,29.29,5.54,1670,65.16,956,0
52.53,1.1,33.55,9.69,1727,90.53,3586,0
34.31,0.94,27.3,6.87,1477,40.07,4305,0
45.01,1.4,27.36,5.76,1462,62.4,5104,0
34.12,1.32,34.2,7.31,1571,79.58,6736,1
65.11,1.09,12.03,8.09,1553,81.26,4549,0
46.1,1.98,17.12,6.43,1662,81.31,6830,0
54.48,1.88,9.72,5.06,1721,82.86,8735,1
34.89,0.5,21.26,9.61,1686,55.13,8972,0
43.05,2.06,19.86,7.03,1465,95.39,3762,0
30.08,1.93,27.02,5.54,1797,48.74,7821,1
42.04,0.93,22.09,9.07,1671,78.58,2276,0
56.68,1.03,30.86,5.96,1675,92.69,6407,0
34.29,2.14,32.92,8.32,1598,73.11,559,0
61.29,1.99,24.69,7.4,1555,54.41,2006,1
70.41,1.07,15.36,8.05,1509,72.06,6570,0
41.87,0.29,8.81,7.91,1730,35.3,5369,0
72.67,2.28,22.59,9.0,1606,36.86,5592,0
59.28,2.37,13.32,9.34,1514,85.66,4305,1
67.92,1.12,26.89,7.01,1707,49.31,892,0
67.9,1.71,34.14,6.08,1498,65.04,4106,1
36.43,1.28,14.63,9.49,1471,51.32,378,0
54.32,2.05,12.52,6.2,1586,99.7,7324,1
49.58,0.13,27.41,9.05,1568,60.81,7279,0
53.54,0.92,18.08,6.04,1488,87.11,8940,0
67.4,1.66,13.68,8.84,1765,51.65,8011,1
34.08,2.41,31.24,8.16,1631,73.37,785,0
32.48,2.29,30.64,6.94,1770,60.94,2191,0
68.16,0.51,18.82,9.59,1536,50.73,6044,0
69.9,1.32,31.78,6.2,1585,94.86,2596,1
65.89,0.36,17.78,8.16,1531,75.98,6514,0
30.64,1.36,19.08,9.42,1558,99.63,872,0
43.17,0.13,26.89,6.06,1748,91.3,632,0
65.99,1.22,26.07,7.95,1788,62.44,2041,0
49.63,0.84,34.38,6.81,1714,90.0,7547,1
57.37,1.58,12.09,5.96,1723,54.44,5349,0
42.91,1.68,21.47,9.67,1522,47.57,7797,0
43.4,0.95,16.26,9.12,1661,84.38,4602,0
42.95,2.18,19.59,9.46,1734,94.83,1824,0
49.66,1.84,24.49,7.36,1731,54.97,7983,1
74.39,1.59,16.76,8.27,1663,54.9,3374,0
41.44,1.79,15.55,8.79,1492,44.34,8821,0
38.89,1.43,28.49,8.52,1509,65.73,6521,1
74.71,0.26,20.58,7.66,1491,80.86,8473,0
40.97,2.02,28.91,8.74,1529,69.65,6935,1
41.02,0.98,17.57,9.02,1662,63.33,2343,0
32.68,1.05,20.23,8.95,1548,64.25,2872,0
70.31,2.42,19.34,8.36,1582,43.68,5167,0
71.19,1.74,16.55,7.34,1733,53.33,6602,1
52.07,0.95,16.22,6.87,1749,64.06,2548,0
67.67,0.28,27.46,7.6,1579,41.62,6889,1
61.92,1.62,28.63,7.07,1564,73.62,2676,1
33.15,0.32,14.43,5.45,1622,91.25,1196,0
43.38,0.2,27.72,5.72,1609,80.91,4795,0
48.05,0.19,14.23,8.92,1690,82.82,2338,0
43.29,0.65,24.19,6.16,1793,59.82,8406,0
49.93,1.83,29.66,8.38,1759,38.2,6568,1
56.93,2.3,28.61,6.25,1529,36.97,7525,1
37.34,2.31,9.69,5.11,1568,57.76,3921,0
52.28,2.48,8.76,6.49,1546,95.38,8822,1
34.77,0.64,19.68,8.98,1693,50.31,5196,0
33.44,2.42,14.33,8.33,1685,78.74,5725,0
43.62,0.34,26.1,8.75,1559,99.79,6112,0
66.25,0.43,32.92,6.39,1644,49.86,6379,0
51.81,0.62,14.63,7.44,1471,56.38,1840,0
57.29,0.94,10.27,6.43,1656,99.52,5985,0
54.33,1.67,30.5,8.37,1612,73.7,2280,0
36.79,0.48,33.39,7.21,1706,68.52,7289,0
73.37,1.08,10.69,9.53,1671,55.44,6036,0
63.62,1.53,25.64,5.78,1587,99.87,1694,1
64.74,2.39,15.35,5.72,1530,86.35,1941,1
71.0,2.05,11.46,8.31,1549,39.16,1150,0
44.33,1.23,17.79,6.08,1507,86.81,6031,0
61.05,2.15,30.37,6.65,1467,51.09,180,1
69.79,2.26,22.78,9.54,1505,80.0,4943,0
30.6,2.31,15.96,5.47,1524,92.48,4117,0
59.78,2.14,21.06,5.28,1537,55.57,248,0
32.46,1.6,34.89,6.23,1577,91.79,8802,1
70.58,1.14,12.55,9.52,1719,83.41,6363,0
63.8,0.39,15.97,6.82,1494,75.66,4246,0
57.62,2.37,27.6,6.93,1741,91.12,7853,1
61.28,1.64,24.06,6.71,1505,84.78,3480,1
42.11,1.6,17.27,6.5,1660,61.89,1366,0
50.68,0.29,22.79,8.89,1671,94.44,296,0
48.87,1.63,32.94,8.11,1649,49.32,2356,0
66.22,0.26,14.56,6.59,1469,85.58,4141,0
57.77,0.8,16.91,6.7,1513,90.72,8007,0
30.4,1.91,8.22,6.13,1742,39.69,1022,0
40.72,1.25,8.58,7.62,1661,51.45,3083,0
37.67,2.12,14.52,9.89,1739,48.99,1108,0
34.19,0.92,9.1,8.63,1666,75.29,2212,0
66.04,0.58,21.51,7.77,1502,71.49,2057,0
49.19,1.26,34.96,9.9,1528,39.01,773,0
66.81,0.11,15.14,6.4,1629,81.72,637,0
58.8,1.5,22.92,6.6,1546,62.37,3064,0
62.32,1.56,14.31,9.5,1662,61.89,5217,0
39.57,1.19,32.26,9.13,1691,56.09,2465,0
39.57,2.2,32.0,9.84,1476,53.96,6836,1
41.88,1.98,24.15,5.96,1782,99.32,2818,1
58.07,2.03,21.7,9.32,1610,40.12,8207,1
39.95,1.04,17.22,7.6,1496,79.58,2234,0
62.25,0.59,13.75,6.17,1756,51.46,2881,0
54.69,0.61,18.41,5.74,1498,80.92,6284,0
37.19,1.33,28.34,6.13,1602,42.06,970,0
72.97,0.4,24.91,6.66,1530,81.36,8790,1
60.21,0.8,28.77,5.57,1711,71.02,6236,0
72.06,1.44,22.05,9.91,1790,68.12,2495,0
49.98,0.86,34.95,5.77,1516,41.65,605,0
40.76,0.65,23.73,5.26,1562,94.57,7423,0
66.89,1.38,23.99,9.34,1776,72.84,6518,1
35.4,1.21,27.31,8.38,1472,50.72,1821,0
33.27,0.76,17.17,7.88,1784,63.04,4831,0
41.97,0.86,27.11,8.3,1699,54.96,3010,0
43.55,1.71,12.67,9.74,1698,90.92,8140,1
70.14,0.85,14.83,5.39,1489,49.43,1099,0
37.8,0.34,16.51,5.81,1726,48.56,5855,0
33.82,1.77,34.46,5.89,1608,65.4,3104,0
66.83,2.5,13.24,9.09,1680,52.48,6050,0
47.93,2.02,28.09,8.33,1710,56.45,978,0
44.88,0.41,33.96,9.9,1531,88.32,3540,0
45.09,0.46,24.59,7.38,1627,88.85,7967,1
32.5,1.48,24.78,8.72,1645,72.91,5705,0
62.18,0.72,26.55,8.92,1548,79.99,4163,0
41.85,0.16,34.26,6.74,1553,51.05,3695,0
35.18,0.88,27.85,5.26,1708,62.13,1672,0
45.91,0.97,25.66,8.86,1533,67.95,4399,0
46.44,1.97,33.12,9.47,1564,60.46,3328,0
30.84,0.25,29.09,7.0,1689,75.21,8572,0
71.52,0.62,18.88,8.78,1541,50.59,7427,0
30.31,2.41,19.04,8.86,1569,80.98,2965,0
73.48,0.93,27.37,6.64,1532,69.65,7782,1
71.78,0.96,13.18,7.11,1604,79.48,6874,0
33.89,1.2,34.66,6.54,1490,71.05,2399,0
33.13,1.46,28.52,9.35,1452,87.32,3039,1
48.16,0.29,27.45,8.57,1643,38.63,4114,0
58.19,1.74,18.6,8.45,1619,77.51,6475,0
33.06,1.71,25.83,6.25,1505,58.14,5002,0
49.72,1.29,24.13,9.06,1479,44.63,7652,0
41.66,1.46,17.0,9.46,1798,72.08,2737,0
61.25,1.02,17.57,6.1,1450,73.23,3734,0
36.13,2.05,10.71,8.19,1704,53.77,2660,0
46.19,0.55,20.28,8.97,1470,56.54,3495,0
69.28,1.63,28.06,8.48,1474,56.07,8955,1
74.26,0.59,34.29,8.93,1798,76.06,6139,0
46.37,1.04,25.55,8.92,1757,86.59,2951,0
67.98,2.33,19.37,8.69,1561,78.17,8251,1
38.67,1.74,31.74,8.31,1453,79.93,8953,1
46.45,0.3,26.65,8.86,1518,87.83,291,0
70.55,0.45,12.0,9.28,1722,37.56,3067,0
69.89,0.22,10.84,7.53,1786,79.42,156,0
31.37,1.64,13.03,6.24,1644,87.4,6929,1
63.94,0.19,11.4,9.49,1574,40.37,1102,0
46.43,2.3,28.61,7.23,1793,73.72,7354,1
60.95,0.92,17.24,5.79,1736,97.82,8853,1
66.02,2.25,13.34,7.48,1772,50.73,4053,0
67.21,0.54,11.94,9.57,1465,87.13,3754,0
64.12,0.23,16.92,8.36,1572,47.92,5237,0
43.08,2.06,26.76,8.18,1671,36.36,5705,0
66.29,1.36,28.32,8.19,1550,74.57,3907,1
46.91,1.34,13.58,8.39,1775,92.29,7304,1
50.26,1.37,8.25,5.07,1635,73.45,6890,0
30.73,2.32,21.1,8.24,1513,99.75,5461,0
35.17,0.96,12.11,8.98,1533,43.16,1923,0
40.03,1.49,31.98,6.4,1572,73.84,1030,0
54.5,2.08,20.52,9.48,1695,45.63,3168,0
50.04,1.2,10.55,7.09,1518,82.1,6691,0
37.99,1.1,34.76,8.07,1774,55.53,8977,0
41.33,0.38,27.65,9.14,1504,91.6,629,0
71.41,1.21,23.63,8.36,1640,50.92,6454,0
43.69,1.72,21.61,8.35,1616,68.71,1813,0
67.22,2.22,10.47,9.99,1567,65.4,1533,0
68.04,0.91,10.7,9.76,1692,38.84,7840,0
72.47,2.3,8.04,8.21,1651,67.27,294,0
41.19,1.95,21.52,6.87,1676,39.02,4275,0
46.25,2.08,24.92,9.9,1465,95.22,3436,1
51.02,0.29,22.85,5.29,1600,53.41,7488,0
38.12,2.14,20.01,5.79,1586,75.51,7316,0
50.77,1.25,34.47,6.5,1582,91.72,2203,0
53.52,1.14,18.81,6.73,1660,77.46,8517,0
58.65,0.32,15.75,8.7,1781,90.75,3856,0
30.18,1.21,33.12,5.11,1539,92.58,2514,0
45.87,1.63,11.18,7.25,1475,48.02,8199,0
35.3,1.3,15.99,8.04,1738,70.56,5645,0
62.95,1.37,16.01,7.31,1706,79.91,4036,0
47.94,1.85,23.12,5.25,1691,58.72,6685,0
60.2,2.06,34.11,8.99,1682,89.26,313,1
60.7,0.99,29.16,9.33,1478,73.18,2347,0
68.11,0.14,23.86,9.3,1458,73.2,2997,0
47.63,1.89,17.48,5.01,1645,40.65,3240,0
32.49,2.13,27.24,8.72,1721,48.89,8735,1
39.68,0.11,17.51,5.65,1563,71.04,8948,0
49.65,1.14,15.47,7.65,1707,43.98,7387,0
43.23,0.1,19.46,9.86,1652,77.98,3322,0
40.16,1.91,16.88,7.15,1639,40.48,224,0
43.03,1.25,26.36,6.3,1611,68.77,7325,0
51.3,2.12,18.35,8.9,1673,63.33,462,0
49.51,0.71,33.44,5.94,1786,38.15,1690,0
35.05,0.82,27.04,7.7,1696,90.64,5871,0
48.88,1.59,11.83,8.44,1726,35.96,151,0
69.7,0.32,27.04,5.48,1783,71.55,647,0
35.91,0.93,18.83,6.35,1475,79.1,4799,0
51.76,1.61,32.58,7.57,1736,41.52,5584,0
36.22,0.72,17.84,9.2,1498,52.06,645,0
40.88,2.07,25.44,8.23,1614,46.06,7643,1
44.69,1.67,18.96,9.25,1650,82.53,1319,0
40.54,2.19,13.84,8.58,1479,49.76,5015,0
58.04,2.03,32.69,7.9,1464,41.78,1766,1
47.99,0.11,12.28,7.81,1668,54.62,8857,0
72.37,2.39,27.82,6.3,1517,84.06,3648,1
51.68,2.44,26.33,5.26,1728,67.92,3470,0
73.02,0.79,22.47,7.5,1548,90.35,6073,0
36.79,2.4,30.92,6.99,1556,94.9,1957,1
50.2,0.98,13.98,8.62,1496,51.56,1056,0
73.08,1.01,28.68,9.26,1456,35.14,6483,0
52.75,2.22,14.49,8.87,1505,59.8,4126,0
65.98,1.13,20.4,6.52,1495,98.12,2772,0
40.92,2.22,11.85,6.32,1790,72.51,6895,0
57.38,0.93,24.22,9.56,1655,85.36,8609,1
44.21,1.77,18.18,9.77,1513,62.84,6860,0
64.16,2.48,30.92,9.83,1613,44.73,6201,1
36.52,1.92,14.66,9.02,1554,49.29,4437,0
54.91,1.5,34.35,9.1,1646,50.02,5681,0
40.05,1.54,13.47,7.71,1743,89.7,8794,1
72.19,0.28,26.18,8.11,1756,59.6,3036,0
50.17,2.41,10.2,5.04,1454,81.83,5067,0
35.81,0.6,11.57,8.65,1585,66.84,885,0
57.98,0.32,28.62,5.63,1568,42.05,7436,0
57.84,1.01,33.93,7.84,1518,67.52,2832,0
71.84,1.39,10.77,9.17,1654,41.77,577,0
39.51,1.68,15.87,5.69,1586,70.37,7012,0
72.42,1.98,9.05,8.52,1619,95.35,2909,1
68.67,1.87,12.78,5.41,1570,55.35,1451,0
69.03,1.09,22.92,9.89,1600,40.28,3500,0
53.68,0.59,34.16,9.47,1553,45.23,7807,0
59.89,1.06,28.53,9.7,1779,76.56,4394,0
74.87,0.17,17.47,8.5,1580,63.52,6626,0
55.66,1.39,32.96,6.13,1483,70.87,8635,1
47.87,0.74,14.45,7.55,1540,89.25,2129,0
42.18,2.27,28.76,8.81,1758,68.48,7877,1
51.49,0.34,17.0,5.08,1647,45.35,2054,0
69.52,1.5,12.0,8.51,1799,63.98,2960,0
57.85,0.91,30.38,9.91,1499,72.73,278,0
59.61,1.41,31.23,8.49,1761,85.22,4732,1
41.79,1.27,22.14,6.32,1485,44.01,7985,0
51.3,1.95,16.41,5.12,1626,65.51,3165,0
55.75,1.59,8.83,7.27,1685,60.7,726,0
40.78,1.83,10.74,6.88,1663,85.36,5354,0
74.98,2.48,22.25,7.86,1631,66.62,8170,1
57.22,0.33,9.9,5.36,1529,99.65,6873,0
30.32,1.24,34.11,8.8,1656,80.89,6892,0
37.08,1.53,15.81,6.36,1708,60.43,1878,0
56.0,2.04,20.06,5.17,1562,48.58,3877,0
60.45,0.54,11.8,9.91,1453,85.46,753,0
45.42,2.2,13.72,9.79,1450,88.36,6545,1
68.93,2.32,16.97,5.71,1752,96.97,1061,1
55.1,2.41,17.95,8.2,1685,40.99,2059,0
36.24,0.97,17.75,7.8,1636,43.64,7065,0
73.69,2.02,11.29,5.76,1685,60.59,6191,0
68.21,1.99,19.69,7.65,1773,48.38,1106,0
52.4,1.76,8.93,9.71,1608,90.89,2079,0
67.59,2.06,14.92,7.06,1677,87.39,6743,1
62.11,0.95,19.15,7.92,1508,68.81,4554,0
54.4,1.45,22.96,7.52,1738,43.06,7638,0
40.92,1.93,21.41,9.42,1629,70.27,5360,0
49.18,2.15,20.74,5.55,1586,35.15,7821,0
39.29,0.7,30.03,9.14,1736,36.46,1264,0
69.22,0.39,14.12,9.94,1796,72.05,5807,0
67.63,0.56,27.85,6.97,1562,74.59,833,0
62.13,0.98,25.46,8.41,1545,39.55,460,0
63.28,1.72,33.69,5.97,1487,55.78,6935,1
59.23,0.84,24.83,5.11,1521,90.29,1920,1
42.73,1.01,33.83,8.01,1737,39.17,3647,0
62.85,1.52,13.91,5.9,1789,53.5,874,0
63.17,0.91,12.0,8.5,1553,75.88,3362,0
57.61,0.26,17.16,9.77,1576,82.86,2757,0
74.91,0.6,25.83,8.75,1787,39.11,6776,1
52.2,0.41,25.42,5.45,1523,92.14,7077,1
37.54,0.5,28.41,7.98,1509,78.44,7528,0
54.61,1.5,28.71,7.44,1716,43.69,8166,1
69.11,0.35,20.56,8.69,1507,59.7,3478,0
63.06,1.6,10.78,8.58,1463,87.51,7716,1
32.84,0.55,17.95,6.12,1474,53.29,3271,0
46.43,2.0,30.92,9.38,1657,70.81,6329,0
37.53,1.74,25.52,5.22,1799,46.63,7395,1
70.12,0.67,23.21,5.16,1605,89.85,6831,1
32.2,0.14,24.18,5.51,1759,38.25,8344,0
73.55,1.55,19.86,7.74,1465,72.05,7975,1
33.64,1.63,31.17,5.48,1574,40.57,7560,1
30.02,2.19,11.34,7.14,1506,72.23,4747,0
50.8,0.62,22.77,8.35,1752,60.08,6684,0
41.7,1.44,20.96,8.9,1611,62.6,6444,0
37.36,0.53,23.67,6.54,1491,97.93,5854,0
72.33,1.07,20.09,9.39,1618,49.81,8767,0
58.86,1.41,14.65,5.41,1561,41.96,6654,1
59.23,2.09,10.34,7.68,1637,38.63,4461,0
50.11,1.86,20.26,9.95,1766,93.16,2643,0
50.51,1.15,18.99,5.16,1463,55.11,5912,0
62.61,2.38,28.8,8.21,1737,56.49,5677,1
64.9,1.23,32.56,8.98,1647,98.94,7106,1
33.22,0.12,31.64,7.65,1781,79.46,5604,0
61.23,0.48,12.29,5.99,1711,49.53,2380,0
50.19,1.59,17.8,7.26,1493,63.41,4985,0
56.0,2.47,10.48,7.72,1498,35.12,7315,0
64.18,1.09,24.27,9.99,1723,86.56,4523,1
59.76,1.92,24.36,5.32,1507,37.85,461,1
74.24,0.28,11.76,7.38,1649,57.61,7408,0
69.16,0.74,27.04,9.3,1700,38.74,1255,0
72.01,0.59,18.86,9.59,1602,43.36,8565,0
61.31,0.71,34.23,6.31,1748,76.99,5275,0
63.43,0.71,34.04,9.38,1800,68.73,6529,1
65.69,1.31,23.9,9.39,1750,76.66,7422,1
44.19,2.49,29.41,6.08,1636,86.13,4173,1
52.65,1.71,31.63,7.94,1753,37.81,7497,1
72.29,0.77,20.3,5.71,1583,62.87,6651,0
65.5,0.99,33.08,7.61,1641,92.49,6993,1
41.75,0.4,25.77,9.08,1688,41.62,3687,0
39.85,1.48,16.57,5.71,1632,96.99,894,0
53.07,0.92,16.93,5.01,1769,45.89,191,0
55.12,2.11,13.6,5.06,1577,60.3,2731,0
34.45,1.18,17.41,5.61,1754,74.76,3894,0
32.2,1.27,18.09,8.99,1488,37.88,4388,0
57.07,1.32,30.05,5.15,1534,67.33,6932,1
35.17,1.33,8.41,6.42,1587,37.51,7192,0
44.3,0.11,20.36,7.59,1649,69.41,3349,0
64.58,1.83,25.23,9.71,1602,64.14,8024,1
46.19,1.58,15.45,5.84,1505,41.2,2639,0
64.14,1.03,27.49,9.4,1460,71.4,2300,0
69.94,0.12,25.17,8.47,1662,45.95,5510,0
68.17,1.34,18.92,9.09,1739,64.25,8522,1
34.17,1.22,25.67,8.02,1521,56.66,2061,0
66.83,1.94,25.39,6.42,1679,59.1,3135,1
47.42,0.99,34.07,6.62,1643,98.34,7500,1
50.66,1.94,29.3,6.56,1667,57.93,2364,0
65.1,2.42,15.67,8.12,1572,74.0,2447,0
44.22,0.36,32.82,5.5,1461,44.44,6195,0
59.73,0.62,20.52,8.37,1478,42.55,7916,0
42.9,0.35,26.41,8.17,1655,55.53,5767,0
65.42,0.91,15.83,7.82,1538,76.57,3561,0
56.17,2.45,30.89,6.46,1602,49.62,8082,1
57.87,1.69,14.07,9.38,1623,61.08,5351,0
39.67,0.22,17.84,7.94,1697,44.02,8597,0
37.0,2.29,31.43,7.57,1482,93.92,7402,1
72.35,0.97,14.61,5.6,1523,82.7,8115,1
32.27,1.28,29.19,8.11,1491,98.28,1453,0
64.95,0.71,17.48,8.19,1607,67.08,1924,0
70.95,2.33,26.15,9.04,1723,98.15,8664,1
34.06,2.01,9.69,8.92,1635,72.45,2406,0
63.33,0.21,17.0,9.43,1511,66.67,1037,0
44.35,1.98,27.23,7.06,1604,85.54,3061,1
56.28,0.57,21.67,5.19,1639,97.95,3368,0
34.7,0.92,34.43,8.62,1644,78.7,2167,0
67.81,1.34,23.24,7.51,1627,55.71,1336,0
36.95,1.28,32.48,7.92,1548,52.88,3760,0
41.72,0.81,14.56,6.28,1592,65.25,7071,0
66.1,1.42,21.7,5.74,1668,42.98,7189,1
30.39,2.23,10.68,9.1,1686,92.09,3232,0
53.3,2.27,34.34,6.84,1595,60.94,3405,0
64.7,1.43,12.92,6.59,1785,88.08,7325,1
39.56,0.85,26.34,7.49,1800,99.21,4900,0
66.28,1.08,14.35,6.92,1579,90.91,2708,0
67.38,2.15,20.84,6.05,1769,36.49,6676,1
74.22,1.17,14.53,5.8,1721,41.57,1546,0
32.4,0.88,10.58,5.39,1532,61.84,2923,0
57.14,2.35,33.73,8.54,1541,99.01,6343,1
68.44,0.55,32.28,6.29,1699,91.4,1476,1
38.11,2.38,22.57,8.43,1505,86.19,6744,1
60.92,2.13,29.28,5.52,1631,36.94,6298,1
71.28,2.41,12.79,6.04,1546,85.06,7897,1
68.21,1.49,18.75,9.81,1580,62.79,7543,1
72.76,2.1,27.27,7.22,1613,39.74,3682,1
31.59,1.64,26.7,5.17,1527,70.35,2230,0
44.23,0.48,32.97,6.08,1782,79.71,2781,0
74.0,1.01,11.47,7.45,1791,41.2,2648,0
52.19,1.86,28.84,5.67,1777,48.62,7252,1
58.91,0.78,31.75,5.09,1514,99.4,7642,1
41.08,1.1,16.99,6.36,1546,94.9,4717,0
58.66,1.73,15.24,9.57,1580,45.89,2859,0
71.0,0.41,24.77,7.79,1574,44.49,1745,0
38.98,2.22,18.18,9.2,1731,46.94,3102,0
37.42,1.07,12.59,8.91,1480,74.5,5155,0
56.72,0.33,9.7,9.96,1623,52.78,3630,0
33.05,2.18,31.85,7.59,1462,63.73,8353,1
37.46,1.39,29.01,8.45,1507,54.31,7152,1
66.04,2.41,26.4,8.3,1580,58.34,2489,1
37.76,2.18,29.98,6.61,1736,97.08,7974,1
58.27,0.17,30.62,5.71,1537,83.55,4281,1
39.13,0.3,18.87,9.08,1716,90.2,8726,0
32.92,0.12,32.56,5.24,1552,98.4,2525,0
46.26,1.75,31.69,6.45,1487,81.93,5653,0
34.88,1.67,28.03,6.73,1787,62.79,5514,0
62.68,0.74,26.77,7.21,1624,66.35,5992,0
74.54,0.66,25.45,5.43,1463,63.03,1547,0
35.21,0.91,8.11,9.67,1576,79.94,8955,0
45.98,1.21,27.31,7.45,1769,50.72,1930,0
63.51,1.37,8.53,8.93,1633,48.95,5568,0
32.62,1.41,33.32,6.6,1702,62.18,6408,0
35.65,1.96,27.59,8.81,1770,88.72,6388,1
56.28,0.29,34.71,9.73,1772,41.83,8676,0
54.21,2.24,9.61,7.31,1791,43.41,5279,0
44.62,0.6,29.45,9.07,1492,39.43,2070,0
58.06,2.26,14.25,5.55,1779,59.28,8528,1
50.47,0.23,24.44,6.07,1626,49.51,3299,0
49.94,0.25,13.34,7.82,1641,55.29,8807,0
74.94,0.26,15.27,8.73,1687,93.76,7337,1
67.67,1.44,24.55,6.12,1590,68.57,3518,1
62.71,1.73,24.84,8.25,1518,70.38,5153,1
56.95,0.9,27.71,7.05,1532,41.6,1717,0
71.59,0.88,17.65,9.13,1468,79.82,379,0
45.96,0.43,20.61,8.1,1549,95.24,8708,0
37.78,1.63,16.01,6.14,1752,92.68,2979,0
67.19,1.79,17.18,6.27,1529,64.22,8248,1
60.91,0.21,23.48,7.2,1492,96.78,6323,0
60.25,1.99,30.02,7.0,1760,38.98,8616,1
60.66,1.76,25.18,5.93,1457,58.38,8013,1
58.03,1.76,27.86,9.3,1625,92.85,8920,1
39.52,1.38,11.02,6.07,1596,60.77,6153,0
34.91,0.88,16.75,9.52,1774,55.4,2008,0
32.48,0.6,18.78,5.41,1743,67.18,1836,0
71.47,2.04,10.35,9.18,1692,43.69,6380,0
65.66,2.14,22.34,9.79,1505,57.46,7014,1
55.29,1.87,19.92,9.44,1508,71.81,5347,0
52.62,1.19,12.49,9.81,1771,99.34,3660,0
71.82,2.06,19.59,7.07,1627,56.02,6442,0
51.19,1.41,34.93,6.74,1484,64.08,768,0
51.63,1.08,17.71,9.96,1707,70.77,4794,0
66.7,1.1,31.24,6.2,1723,46.58,8887,1
57.27,1.05,11.52,8.41,1643,88.83,7718,0
39.8,0.88,16.65,8.04,1663,67.74,3627,0
42.44,0.27,34.95,8.53,1610,69.34,4641,0
56.15,0.5,28.55,8.75,1680,43.85,8941,0
42.9,1.44,25.53,7.39,1522,74.66,3132,0
36.57,1.36,30.41,9.39,1450,35.06,7731,1
41.7,1.21,11.44,7.35,1654,98.11,3269,0
38.23,0.43,33.92,6.02,1800,36.57,3217,0
39.07,2.22,9.13,8.3,1753,36.64,8478,0
70.76,2.04,20.06,6.25,1589,40.78,1896,0
67.85,1.08,22.83,6.19,1717,63.44,1794,0
44.41,1.19,21.32,8.88,1638,73.12,7582,0
69.49,1.52,9.6,9.16,1660,69.86,1790,0
65.8,1.54,32.01,6.91,1665,36.53,6642,1
47.23,0.74,9.42,9.07,1531,78.37,4519,0
52.44,1.13,16.52,8.0,1530,99.98,2369,0
44.7,0.8,19.48,9.07,1662,41.17,902,0
36.76,1.39,22.03,5.76,1554,38.84,7010,0
52.85,1.32,31.35,8.06,1628,45.14,569,0
59.17,0.32,19.15,9.91,1544,67.94,8497,0
33.28,2.3,23.33,7.25,1780,37.01,4088,0
56.57,2.06,24.32,5.69,1521,54.36,3554,0
61.15,1.89,27.13,5.51,1729,37.15,7629,1
31.67,1.19,28.06,8.39,1786,70.64,4008,0
58.57,0.17,27.04,8.45,1480,85.55,1632,1
35.72,1.24,8.48,7.54,1538,46.01,6739,0
64.15,1.23,18.18,7.82,1737,81.77,566,0
72.94,0.95,17.45,6.87,1528,87.79,8966,1
74.58,1.06,26.51,7.03,1483,38.83,5294,0
59.65,0.61,16.15,8.87,1501,58.8,5108,0
43.45,1.45,23.71,8.46,1484,82.7,7939,1
73.1,2.2,19.6,8.0,1568,62.12,7221,1
48.74,0.37,17.56,8.64,1777,50.72,6487,0
54.13,2.34,28.5,5.9,1541,38.72,4140,0
58.14,2.34,18.1,8.4,1730,45.32,1149,0
68.08,1.77,8.56,5.03,1658,64.16,2413,0
61.18,0.87,15.2,9.32,1458,61.36,3131,0
54.9,0.84,13.42,6.12,1718,67.32,413,0
62.27,0.33,18.79,9.1,1703,62.16,3337,0
65.3,0.81,19.61,9.79,1794,40.23,2627,0
45.22,1.84,19.09,9.24,1503,89.57,8040,1
60.67,1.1,29.47,6.18,1670,38.12,8667,1
62.36,1.28,24.21,7.71,1470,81.91,8471,1
51.75,0.56,25.62,7.99,1631,48.36,5747,0
37.04,1.32,30.35,8.91,1664,64.93,4292,0
74.07,1.41,25.91,6.35,1799,62.13,443,1
46.0,2.32,9.2,5.39,1774,63.85,3120,0
37.47,0.19,9.88,5.27,1468,38.33,4239,0
34.8,0.84,16.48,8.45,1575,80.12,8758,0
34.54,0.79,26.65,8.26,1675,57.73,1740,0
37.94,2.06,29.08,5.52,1792,81.25,5542,0
52.61,2.11,20.07,6.84,1500,98.66,3215,0
43.25,1.87,26.85,8.41,1554,66.74,6647,1
55.1,0.97,29.55,5.13,1637,74.06,3136,0
35.56,0.62,26.92,5.77,1771,63.68,7271,0
55.09,2.3,27.82,7.5,1573,74.81,4551,0
38.69,2.01,8.02,9.24,1767,39.98,7487,0
38.48,1.66,32.33,8.19,1452,96.21,6351,1
73.14,0.16,19.24,7.74,1536,61.66,8181,0
34.57,0.62,19.54,5.72,1523,38.1,1637,0
68.27,1.69,26.83,6.13,1596,45.52,7062,1
35.07,1.44,33.6,9.75,1605,55.99,2015,0
59.84,1.96,19.76,5.57,1781,60.71,877,0
55.99,0.78,9.24,9.03,1654,54.93,4484,0
50.26,1.14,12.34,5.94,1770,72.51,8188,0
41.62,1.48,29.43,9.65,1620,84.12,5527,1
42.52,0.93,24.78,9.72,1664,64.16,3575,0
45.88,2.13,31.29,6.02,1586,75.64,2558,0
67.85,1.57,10.08,8.43,1457,83.29,1356,1
69.62,1.35,8.02,7.47,1701,51.7,2861,0
71.85,1.81,22.14,6.56,1657,94.65,6320,1
41.73,0.11,25.02,5.89,1543,96.53,655,0
64.86,1.97,32.86,7.44,1707,39.91,2463,1
33.13,1.27,24.2,7.02,1482,49.86,4058,0
73.17,0.47,25.46,8.35,1465,92.24,247,1
31.98,2.31,32.62,6.67,1684,66.02,8938,1
39.04,1.38,14.88,7.29,1634,59.23,5220,0
46.52,1.55,34.18,5.57,1564,69.72,8622,1
40.68,2.13,22.67,7.61,1613,40.79,3817,0
66.52,2.41,28.15,7.63,1469,37.13,3343,1
63.29,1.5,8.53,5.0,1603,95.96,1427,1
34.57,1.48,24.61,6.13,1563,38.26,607,0
52.67,0.63,19.45,6.03,1456,63.85,6171,0
69.42,2.44,19.63,9.4,1516,61.39,5218,0
48.19,0.54,19.62,6.66,1558,59.95,1174,0
34.68,0.88,9.55,7.46,1597,57.88,1201,0
46.21,0.18,8.15,8.24,1678,55.99,7832,0
41.85,0.78,25.02,6.49,1630,46.79,2896,0
69.99,2.12,27.2,9.39,1786,67.14,3214,1
48.15,1.78,11.01,7.66,1585,66.36,3235,0
37.19,0.25,18.76,9.09,1605,45.91,3275,0
66.63,2.25,11.37,8.63,1524,40.38,2747,0
53.78,1.35,16.76,7.67,1710,88.14,7036,1
40.88,2.27,22.44,6.84,1532,83.27,3819,0
43.07,1.93,34.51,6.56,1769,56.09,5327,0
74.97,2.28,24.03,5.02,1658,73.4,429,1
33.51,1.54,8.49,8.89,1498,68.92,6052,0
63.95,0.88,15.02,9.13,1589,45.85,1663,0
39.46,0.52,19.05,8.17,1519,86.53,7054,0
38.25,0.82,23.59,7.57,1602,79.71,4896,0
68.38,0.86,25.19,7.29,1704,90.36,5837,1
50.6,2.41,32.37,8.3,1543,62.67,3243,0
33.32,0.52,25.68,5.87,1566,89.73,5540,0
41.28,0.57,17.1,5.98,1751,85.96,3703,0
67.24,1.4,13.62,7.82,1752,55.66,4516,0
43.3,0.2,13.51,8.14,1625,43.96,7169,0
35.09,2.44,19.88,6.02,1521,55.75,7913,0
67.1,0.52,30.11,9.41,1614,89.48,4440,1
69.08,2.42,25.64,6.58,1676,54.54,2229,1
49.94,0.62,22.31,7.68,1705,96.07,3178,0
35.44,2.1,10.46,5.46,1752,38.15,7106,0
74.37,2.4,15.1,8.04,1459,99.11,2065,1
38.9,2.36,22.93,6.51,1753,66.88,4017,0
52.49,1.75,30.44,6.99,1465,68.52,1085,0
70.86,1.28,26.87,6.79,1635,62.7,1825,0
59.84,1.05,32.32,6.71,1799,63.16,3071,0
60.5,2.05,26.12,5.25,1678,38.23,5335,1
42.42,1.88,15.03,5.56,1528,83.05,8290,1
71.4,2.16,17.69,5.97,1522,57.71,5243,0
30.04,2.11,30.99,8.41,1711,83.91,2764,1
61.36,0.35,20.09,8.95,1618,84.01,2829,0
67.93,2.03,15.03,8.64,1494,46.89,6670,1
68.48,1.62,31.16,9.17,1706,94.28,4060,1
70.53,1.4,19.87,7.42,1603,90.66,6880,1
33.97,1.61,21.5,8.3,1637,58.26,4764,0
54.19,0.37,22.39,5.5,1695,84.74,1885,0
42.03,1.75,30.88,8.86,1778,47.4,5373,0
51.29,1.91,17.05,7.71,1527,75.72,6170,0
39.4,0.29,19.26,5.28,1466,53.34,1432,0
59.14,0.25,33.15,9.06,1779,82.0,3616,1
71.52,1.67,12.73,5.19,1468,45.14,3392,0
56.64,1.27,27.26,9.38,1597,76.89,5379,0
63.81,0.86,27.53,9.52,1655,72.94,4154,0
59.1,1.49,24.06,7.11,1484,40.13,7862,1
60.98,1.88,32.08,8.29,1511,46.39,198,1
56.38,1.24,20.76,7.99,1485,75.27,2609,0
38.72,1.8,30.52,8.6,1472,46.24,2172,0
68.25,0.4,26.02,6.79,1686,73.98,7048,1
50.4,2.4,12.55,9.11,1657,50.41,3213,0
43.91,0.56,26.62,6.0,1656,89.87,7859,1
37.58,0.43,29.82,7.55,1453,58.93,7216,0
52.27,2.02,31.7,8.3,1695,92.47,5164,1
63.46,1.22,12.87,7.58,1548,66.08,6445,0
46.36,1.13,29.92,6.34,1625,67.2,4769,0
59.54,1.72,19.11,5.26,1744,48.97,5718,0
43.87,1.29,8.43,7.09,1554,37.69,3115,0
35.0,2.14,17.52,7.52,1562,87.85,7972,1
59.21,0.23,16.58,7.06,1567,90.52,454,0
58.36,0.61,33.64,6.12,1677,71.4,6874,1
35.72,1.49,21.49,7.53,1648,80.39,8497,0
39.69,0.22,12.68,7.17,1566,82.13,4520,0
32.88,1.74,22.01,9.86,1594,42.56,1531,0
30.76,0.14,25.0,5.15,1637,75.98,5112,0
65.75,1.22,14.11,6.78,1578,47.91,4553,0
57.03,0.47,8.14,7.36,1471,89.99,5580,0
53.44,2.01,15.09,7.09,1559,94.22,7085,1
59.28,0.27,24.69,8.05,1569,48.0,7846,1
40.54,1.32,32.15,9.48,1771,95.01,2742,1
55.78,1.4,23.74,7.79,1697,54.29,1273,0
56.31,0.63,10.88,9.38,1784,62.93,8756,0
55.68,0.59,21.02,6.23,1595,51.49,1377,0
33.61,1.51,31.63,7.28,1471,48.06,5160,0
40.62,2.18,12.34,8.93,1658,44.0,2884,0
33.25,0.72,27.25,9.04,1795,98.51,3699,0
49.73,1.84,28.35,7.14,1543,91.78,7983,1
65.7,0.59,9.62,8.84,1796,74.3,2515,0
38.27,1.83,18.78,7.96,1790,59.45,2504,0
52.01,0.78,26.8,7.34,1523,86.77,6056,0
69.19,0.51,28.15,9.64,1664,66.02,2787,0
54.28,0.35,20.13,5.54,1744,42.55,6235,0
42.19,1.96,24.87,9.94,1744,74.77,1248,0
30.46,1.01,15.39,5.97,1594,47.34,5661,0
61.56,1.43,23.68,6.38,1776,43.95,3695,0
35.23,1.58,17.36,7.66,1648,74.09,3110,0
34.76,0.94,29.65,8.61,1537,37.19,3027,0
33.71,0.16,26.99,8.6,1571,52.91,4472,0
55.68,1.83,9.03,7.71,1799,36.23,7293,0
56.97,2.36,30.94,9.45,1487,50.48,5909,0
30.23,0.96,33.3,5.25,1797,80.42,113,0
52.54,1.48,11.19,8.6,1763,60.5,1095,0
66.91,0.12,12.1,7.69,1556,79.3,8325,0
55.14,2.22,22.32,7.37,1475,47.45,3424,0
72.63,0.54,10.68,8.99,1635,44.84,2186,0
54.29,1.57,21.63,9.43,1793,96.75,1668,0
39.73,2.36,11.76,9.55,1716,95.27,369,0
61.47,0.38,28.26,8.56,1627,98.34,8713,1
61.03,1.16,16.4,6.4,1749,63.88,1300,0
45.25,0.8,25.86,6.62,1542,96.78,6025,0
65.36,0.33,8.11,7.61,1669,95.08,6328,0
66.75,1.34,19.7,8.29,1756,77.79,3565,0
63.45,0.99,28.76,7.76,1506,61.87,7954,1
61.2,0.78,11.52,9.74,1636,66.07,3483,0
52.6,2.07,21.44,6.9,1676,79.99,6846,0
62.69,2.19,8.07,5.65,1728,76.16,4088,0
51.68,1.68,15.13,6.92,1505,66.68,8580,0
31.59,0.16,29.45,6.05,1677,54.79,5881,0
31.87,2.3,23.96,5.82,1598,61.12,8698,0
55.74,2.21,12.18,7.57,1788,46.95,1649,0
42.09,0.15,22.78,9.0,1752,92.63,713,0
64.7,2.39,29.56,6.52,1630,40.26,3076,1
57.07,0.24,23.58,9.79,1460,88.47,2499,0
58.83,0.49,13.82,5.96,1640,72.76,466,0
30.32,1.97,26.9,9.59,1532,91.28,169,1
66.05,0.51,20.53,7.51,1765,90.69,2883,0
46.6,2.16,9.71,9.47,1461,58.14,4504,0
59.04,0.6,11.14,6.67,1453,85.67,7559,1
35.66,0.29,30.8,7.98,1749,71.89,8129,0
40.8,2.09,32.33,9.6,1554,35.02,2422,0
55.53,1.43,30.38,7.9,1731,64.14,1417,0
33.17,0.1,16.11,8.38,1550,90.61,449,0
49.81,0.37,20.54,8.25,1776,52.91,8532,0
30.96,0.43,11.38,9.98,1616,70.91,8597,0
65.81,1.95,12.52,9.9,1678,95.84,4948,1
42.85,0.78,27.0,8.72,1557,38.48,6561,0
30.45,2.16,10.99,5.27,1655,62.1,6871,0
33.45,0.7,30.46,5.54,1608,81.19,8198,0
47.59,1.82,24.06,5.32,1743,74.83,2174,0
52.49,0.86,17.51,7.36,1552,69.39,386,0
60.88,0.93,32.83,5.73,1730,39.79,1617,0
31.8,2.15,16.03,6.4,1550,56.35,1857,0
50.96,1.63,28.08,6.0,1516,76.15,6510,1
51.98,2.23,15.88,8.98,1733,81.73,7295,0
34.04,1.71,22.9,7.33,1636,80.92,2567,0
45.77,1.98,9.54,6.7,1533,61.03,4471,0
41.57,2.48,8.94,5.79,1486,70.3,8230,0
46.51,2.27,9.36,5.09,1689,86.71,5144,0
44.81,1.79,13.9,5.01,1666,78.81,6576,0
73.0,1.56,16.86,9.42,1608,56.58,140,0
49.1,0.6,13.86,5.4,1544,53.03,7476,0
45.7,0.67,23.56,5.5,1476,97.43,7056,0
47.18,1.94,19.11,5.8,1569,61.73,1928,0
46.1,2.0,17.28,9.96,1567,95.45,2296,0
32.16,1.49,31.27,5.94,1571,54.64,5407,0
58.7,1.96,31.79,6.6,1763,75.74,8936,1
31.07,2.25,33.54,9.0,1564,43.98,1062,0
67.62,1.46,31.16,8.63,1710,97.65,2040,1
53.54,1.41,34.35,6.61,1582,98.82,2952,1
37.88,1.37,9.54,8.44,1540,41.1,3961,0
30.31,2.41,26.74,8.68,1486,51.19,6815,1
56.72,1.03,10.82,8.04,1773,44.76,4648,0
68.27,1.03,23.24,6.99,1723,44.29,2091,0
51.22,0.16,32.1,9.59,1730,78.5,116,0
51.77,0.86,33.1,9.78,1629,89.97,8155,1
35.79,2.32,28.57,5.24,1577,72.15,4893,0
70.11,0.57,13.17,9.61,1628,94.09,507,0
30.28,1.41,31.8,7.96,1682,71.05,7303,1
30.43,1.06,34.03,5.78,1678,82.31,2715,0
66.76,1.79,13.87,9.96,1568,99.89,5641,1
58.13,2.21,34.07,9.67,1454,65.62,6828,1
71.1,0.34,19.46,5.44,1720,78.11,7510,0
65.12,0.4,13.48,9.1,1759,38.69,8396,0
51.46,1.33,15.92,6.59,1533,43.45,2440,0
45.68,1.83,33.05,6.93,1496,96.36,5072,1
46.2,2.01,30.7,9.87,1564,56.76,6661,1
52.27,0.73,24.27,6.89,1542,40.98,8853,0
49.43,0.85,24.53,6.11,1760,48.97,2393,0
59.08,2.22,14.99,6.85,1638,55.96,2343,0
30.18,1.58,14.07,5.09,1601,49.32,7237,0
74.26,0.86,12.4,6.66,1528,73.19,5356,0
42.92,1.39,32.39,5.74,1561,84.73,6715,1
36.44,0.85,11.4,5.43,1511,39.38,2642,0
61.11,0.12,21.87,9.08,1663,44.68,3137,0
31.15,2.37,13.52,7.23,1753,73.06,4261,0
73.54,0.42,8.46,9.13,1608,54.3,6863,0
54.93,2.36,9.82,5.59,1750,57.58,633,0
60.81,0.63,22.26,8.56,1654,69.56,2877,0
39.47,0.32,14.7,7.34,1670,70.26,8690,0
41.53,1.44,18.96,6.15,1578,87.53,3841,0
36.47,2.11,17.5,9.09,1663,81.47,4864,0
61.55,0.83,34.77,8.93,1538,47.18,5627,0
42.64,2.42,16.19,9.78,1751,41.47,6842,0
73.74,1.24,29.88,5.31,1687,91.99,1496,1
52.04,1.09,8.82,8.57,1764,35.1,5329,0
37.01,1.46,12.07,6.28,1493,44.61,5932,0
69.54,0.44,11.32,9.47,1617,44.98,1945,0
53.03,0.11,15.99,8.29,1534,45.17,5824,0
61.62,1.64,16.74,8.75,1535,97.45,3777,1
44.42,0.67,10.91,6.03,1567,39.14,1484,0
53.58,0.89,31.08,9.99,1621,80.02,3779,0
71.67,2.24,26.43,9.67,1578,83.7,4361,1
68.57,1.55,9.42,9.53,1532,38.63,5993,0
49.1,1.32,12.41,8.27,1453,40.29,4789,0
61.45,1.06,27.45,7.09,1703,43.66,1237,0
47.74,2.48,9.35,8.47,1718,44.08,7117,0
30.72,0.75,31.5,9.8,1571,97.84,2045,0
73.49,0.33,27.28,6.98,1507,73.28,6126,0
70.67,0.7,22.38,5.68,1563,43.03,3543,0
55.64,2.25,29.35,7.84,1457,38.42,105,0
56.82,1.5,29.85,6.49,1604,36.59,5805,0
30.62,1.21,30.76,9.41,1628,38.95,3583,0
69.94,0.18,23.26,8.19,1643,93.63,8868,1
65.3,1.75,16.44,5.25,1793,42.34,8058,1
45.97,1.27,33.56,8.81,1572,66.99,8429,0
65.03,0.73,33.62,9.59,1701,44.06,6714,1
56.58,1.69,27.75,5.68,1617,37.43,6992,1
45.09,1.72,21.42,8.77,1484,57.15,7296,0
70.19,1.41,33.03,9.25,1689,85.7,3332,1
70.45,0.82,26.52,7.88,1690,77.44,6825,1
57.69,1.33,9.51,7.89,1718,91.58,4223,0
52.69,1.67,19.98,5.01,1743,51.25,4323,0
67.18,0.14,31.48,9.46,1657,91.06,4712,1
43.32,1.78,8.24,5.26,1780,42.69,407,0
51.76,1.39,9.15,8.59,1551,36.73,6964,0
56.38,2.39,14.64,7.37,1756,63.57,1122,0
30.77,0.61,27.06,8.26,1686,39.78,3717,0
70.15,2.42,22.24,6.32,1571,87.88,4121,1
35.59,0.69,30.29,8.14,1553,73.54,1044,0
70.97,2.17,13.4,9.93,1574,98.88,5191,1
48.52,0.71,25.98,9.49,1566,79.32,4492,0
70.87,1.62,18.22,9.95,1500,65.24,491,0
53.5,0.11,8.95,6.18,1780,95.69,1982,0
38.01,2.41,21.92,8.28,1778,47.78,5902,0
62.06,0.84,9.82,8.16,1634,35.35,8584,0
48.57,1.13,24.46,5.25,1677,73.98,8680,0
68.63,0.4,22.78,9.71,1793,89.01,2995,0
61.6,1.61,10.55,8.73,1698,54.26,3103,0
68.2,2.47,10.3,9.69,1748,37.98,3973,0
64.13,2.36,10.4,5.63,1703,50.59,2285,0
46.27,1.41,21.71,8.56,1575,59.71,4298,0
46.61,2.16,24.09,5.85,1782,92.11,2386,1
60.95,1.04,17.99,8.19,1578,66.85,793,0
62.29,1.92,31.48,7.14,1616,69.76,808,1
31.13,2.39,23.89,6.6,1475,69.72,3540,0
64.12,0.76,14.38,6.01,1518,56.6,2122,0
66.9,1.23,31.19,6.96,1771,47.06,1057,0
43.51,2.42,27.91,7.54,1513,89.55,5166,1
70.43,0.82,13.6,7.51,1675,86.22,8736,1
39.0,0.3,25.4,9.84,1458,90.84,4601,0
49.42,0.32,24.53,6.81,1733,71.39,4337,0
60.34,1.02,34.5,8.48,1568,54.62,1729,0
68.84,2.47,34.11,5.37,1461,48.58,6520,1
59.88,1.87,29.21,7.99,1614,67.21,2292,1
74.4,2.35,33.9,8.89,1540,55.51,5948,1
37.87,1.74,26.45,5.9,1504,65.51,4143,0
30.22,0.51,18.67,9.89,1735,87.55,4570,0
41.2,1.85,31.02,8.35,1725,41.25,6168,0
51.83,1.47,14.82,6.7,1576,83.13,2524,0
52.31,2.12,8.15,9.5,1542,91.72,5614,0
42.21,0.41,25.12,6.58,1467,56.97,4490,0
58.65,2.06,13.58,5.43,1589,51.29,5015,0
60.22,1.36,11.27,5.68,1618,62.28,2035,0
73.46,2.39,27.03,6.56,1713,41.27,8053,1
47.83,0.42,21.23,6.4,1694,64.43,8538,0
59.42,0.62,12.17,6.36,1576,56.7,202,0
50.5,1.8,20.21,8.26,1572,59.87,3818,0
33.59,1.92,13.64,7.8,1637,76.23,413,0
54.5,1.3,8.09,5.38,1550,59.59,8065,0
41.87,2.45,24.58,8.41,1481,97.93,900,1
46.03,0.9,22.15,8.11,1767,97.36,3046,0
31.8,2.48,29.34,5.34,1711,97.26,6920,1
33.94,0.33,14.87,6.22,1720,38.92,2814,0
73.71,0.54,28.23,7.21,1510,73.6,4211,0
42.56,1.23,15.08,5.44,1703,56.8,7194,0
65.45,0.56,8.9,5.11,1483,66.57,3291,0
73.61,1.7,20.96,7.04,1522,45.14,7419,1
73.88,1.32,11.04,5.64,1488,57.99,5343,0
31.94,1.44,20.11,9.03,1791,54.29,5888,0
61.83,0.34,13.85,5.19,1625,35.87,571,0
58.06,1.69,25.21,7.22,1777,47.72,4105,1
50.67,0.64,22.88,9.34,1717,97.66,3199,0
39.52,2.28,11.5,6.85,1757,38.04,8938,0
40.3,1.57,24.38,5.58,1715,66.11,4026,0
53.83,1.23,30.78,9.3,1616,87.81,8921,1
47.67,2.16,26.49,8.71,1748,65.16,3261,0
43.46,1.2,11.31,5.2,1736,80.99,6456,0
53.55,1.06,19.19,7.43,1462,52.68,6661,0
47.47,0.77,20.36,6.1,1718,46.03,3250,0
47.22,0.1,17.75,9.23,1646,57.67,2688,0
31.28,0.99,27.09,6.59,1681,44.81,251,0
59.39,2.46,34.0,7.1,1729,62.08,7559,1
47.59,0.95,17.91,9.53,1564,93.06,2664,0
67.89,1.97,34.08,5.01,1786,36.48,2736,1
63.23,2.2,25.33,8.09,1496,99.22,7932,1
48.89,1.06,23.99,8.06,1778,41.87,3375,0
65.7,0.84,17.9,9.05,1637,48.18,5851,0
43.09,1.32,13.38,9.7,1677,53.26,947,0
60.19,1.43,10.55,9.27,1689,54.87,7933,1
66.38,0.6,14.37,5.26,1532,35.03,2760,0
52.06,0.98,13.54,6.92,1470,80.66,1121,0
65.33,1.85,14.03,6.21,1600,75.29,6704,1
48.18,1.89,10.47,9.82,1682,76.28,3509,0
37.04,1.16,16.07,7.16,1480,35.66,5431,0
62.51,2.48,19.3,7.38,1734,85.65,2787,1
54.87,0.89,33.82,7.69,1600,48.11,5319,0
38.81,1.2,24.48,5.54,1535,58.65,4595,0
56.2,0.97,16.96,8.86,1550,93.29,6150,0
71.29,2.23,17.37,5.56,1759,97.74,7477,1
43.88,1.92,11.55,8.77,1585,59.46,1709,0
58.35,0.72,14.61,8.72,1543,78.71,683,0
40.31,0.69,32.0,6.68,1799,91.3,868,0
41.01,0.14,34.13,9.48,1792,88.51,2019,0
36.11,1.77,21.52,8.08,1694,54.74,7644,0
34.48,0.69,23.02,6.04,1624,46.76,3039,0
59.04,0.71,9.81,5.43,1703,39.91,1357,0
33.52,0.49,27.95,5.27,1686,68.58,4636,0
32.27,1.19,34.2,5.83,1783,38.81,4406,0
52.84,1.49,32.41,8.63,1676,91.55,200,1
39.62,0.88,17.3,6.38,1743,99.2,1485,0
66.2,1.84,17.62,8.64,1799,48.15,8427,1
64.02,1.58,25.9,8.01,1607,69.61,7671,1
41.73,1.87,12.74,9.37,1683,81.04,7867,0
50.02,2.07,33.44,8.35,1559,82.2,3583,1
31.19,0.57,12.61,8.48,1602,53.04,8394,0
57.0,1.12,26.53,8.65,1663,77.2,5757,0
53.99,2.07,13.23,8.64,1582,44.94,5599,0
30.13,2.48,17.97,8.74,1646,39.34,8802,0
70.41,0.26,10.31,5.76,1667,96.58,2732,0
49.85,1.21,19.35,7.39,1523,90.38,2195,0
60.88,1.35,9.06,7.49,1495,96.89,1527,1
55.49,0.84,31.76,9.49,1715,54.9,5971,0
52.8,0.5,25.15,8.52,1461,65.82,4374,0
30.1,1.38,13.12,8.53,1505,99.35,2448,0
33.3,0.22,32.13,8.11,1543,39.74,4994,0
31.69,0.55,25.21,9.39,1677,63.43,7658,0
31.53,1.23,12.93,6.75,1492,45.23,4398,0
69.88,2.4,14.17,9.96,1730,47.65,4122,0
64.4,1.01,32.99,5.09,1595,92.21,1854,1
51.02,0.98,26.48,5.18,1629,52.19,5351,0
74.43,2.01,17.74,5.9,1496,98.21,6815,1
44.35,1.37,18.84,5.09,1757,42.36,8308,0
30.14,0.88,25.74,6.82,1489,90.36,4009,0
30.84,2.1,13.45,6.58,1714,64.62,7915,0
59.83,2.27,9.22,6.11,1575,42.86,2656,0
32.83,0.7,12.28,9.91,1528,80.26,6361,0
73.36,1.38,14.3,8.97,1728,59.53,3247,0
33.34,1.46,20.28,9.14,1750,87.35,1762,0
51.89,2.22,11.03,9.01,1540,55.48,8849,0
37.44,1.98,20.66,5.42,1743,35.74,1344,0
48.09,1.45,28.32,7.39,1688,90.8,7909,1
37.22,2.12,13.33,5.2,1776,64.27,6878,0
32.27,1.18,15.8,9.77,1657,51.99,5535,0
66.94,1.98,33.47,7.05,1493,36.83,2577,1
55.44,0.11,19.26,5.37,1526,67.96,7694,0
32.0,0.86,31.66,9.0,1704,74.83,2835,0
41.54,0.17,31.61,5.19,1784,65.95,5862,0
59.93,0.7,28.04,8.13,1607,51.03,1896,0
36.25,1.64,26.94,6.08,1455,60.51,7981,1
34.24,2.15,21.85,6.79,1491,78.81,6150,0
34.36,0.27,10.6,6.48,1755,40.57,1937,0
50.47,1.67,23.96,8.07,1725,92.11,2205,0
48.53,0.26,10.66,8.63,1572,73.92,536,0
46.03,0.71,31.55,7.96,1590,97.29,210,0
67.75,0.18,32.33,9.81,1639,59.06,8538,1
64.07,0.96,31.34,7.97,1747,54.38,7113,1
46.19,1.55,19.1,8.32,1557,70.13,5440,0
52.86,1.71,15.19,7.98,1682,96.41,5851,0
31.77,1.98,12.82,5.08,1474,82.25,2094,0
74.35,1.27,34.99,7.13,1498,87.84,339,1
33.64,0.53,26.8,8.52,1611,49.41,1006,0
58.52,1.02,31.57,5.78,1570,39.72,5477,0
41.96,1.41,25.98,7.4,1474,53.45,3790,0
30.61,1.97,28.95,9.87,1649,97.8,1565,1
64.29,2.37,24.01,7.87,1572,35.99,8273,1
39.75,1.98,13.75,7.04,1780,84.21,1085,0
45.17,1.47,18.83,9.89,1693,81.21,2185,0
37.46,2.35,12.96,8.5,1578,39.22,5720,0
40.31,0.79,28.72,5.7,1665,72.18,6661,0
49.53,2.41,18.89,8.45,1657,54.67,7887,0
64.38,0.58,11.76,9.45,1686,73.74,248,0
64.79,1.04,21.86,8.45,1718,37.49,2793,0
74.51,1.61,25.64,9.56,1689,72.65,8062,1
33.08,2.1,22.62,5.29,1505,70.05,8643,0
65.92,0.55,21.94,5.42,1765,64.71,8344,0
33.51,1.34,20.83,9.54,1490,54.36,3909,0
45.52,2.4,23.8,5.7,1659,57.82,4365,0
66.2,0.65,24.1,7.78,1551,71.08,3536,0
53.41,0.42,15.24,9.48,1572,42.87,4106,0
54.27,0.75,30.34,6.07,1607,39.5,5287,0
44.99,2.02,10.44,5.76,1657,67.73,3618,0
40.66,1.89,30.46,7.99,1504,67.84,6924,1
31.86,0.75,16.93,8.59,1569,39.4,6593,0
32.72,0.52,19.04,6.93,1719,46.3,4625,0
72.42,1.23,11.53,6.59,1481,54.56,1119,0
57.4,0.44,13.2,6.17,1629,73.49,7621,0
72.66,1.21,31.46,9.19,1700,67.05,5474,0
59.03,2.34,28.21,6.36,1774,39.62,5893,1
33.43,1.91,25.61,9.42,1576,71.84,5984,0
35.32,1.76,15.82,6.21,1739,66.63,506,0
34.52,0.6,12.88,7.62,1685,36.66,5958,0
31.03,2.3,9.77,8.0,1784,61.24,3520,0
51.23,0.26,23.68,8.05,1699,97.6,7808,0
52.01,2.06,9.22,9.85,1622,60.8,4439,0
63.65,1.31,13.53,5.12,1541,43.05,3365,0
34.95,1.39,30.24,7.14,1779,77.33,2856,0
43.96,0.11,30.31,5.92,1782,68.15,8014,0
34.7,2.39,19.7,5.71,1477,94.32,1540,0
66.03,1.04,30.65,9.24,1624,64.27,482,0
73.69,0.24,27.11,6.21,1725,78.74,6050,0
69.67,1.97,34.32,8.13,1708,56.78,5327,1
50.77,0.68,28.17,7.77,1769,39.09,1813,0
55.95,1.33,16.84,7.56,1723,62.54,3212,0
37.43,1.01,31.21,7.83,1457,55.02,5065,0
42.77,0.46,21.17,8.37,1722,64.18,5928,0
64.26,0.26,14.05,6.35,1788,99.55,4729,0
34.72,0.5,11.09,8.29,1755,64.32,4712,0
69.2,1.37,21.39,8.07,1598,35.4,2350,0
36.42,2.43,30.8,8.62,1712,79.31,8440,1
42.4,0.78,23.96,7.53,1755,72.77,5390,0
66.74,0.8,32.41,6.84,1760,44.98,3128,0
56.62,1.7,24.56,8.93,1639,67.48,1803,0
62.69,1.16,29.5,5.28,1691,60.18,5431,0
55.42,2.21,31.28,8.13,1793,68.44,8201,1
73.59,2.28,32.67,7.71,1702,87.84,7701,1
71.84,0.27,27.06,7.05,1763,50.36,7997,1
55.9,2.11,23.77,6.65,1488,73.69,3151,0
72.52,1.42,30.2,7.41,1577,72.17,1342,1
44.09,1.46,12.25,5.23,1668,35.92,3619,0
34.08,1.44,12.37,6.73,1790,65.79,937,0
48.81,0.78,22.1,8.45,1463,37.4,516,0
35.32,0.88,19.49,9.43,1506,37.76,3331,0
30.2,2.47,33.23,6.85,1478,51.14,978,0
30.73,0.48,27.32,8.29,1680,62.4,3301,0
68.48,1.68,13.42,9.79,1720,88.19,8066,1
57.54,1.78,29.24,7.25,1494,56.22,4913,0
38.82,0.27,10.17,7.23,1459,63.24,1448,0
45.75,1.69,11.09,8.17,1754,45.66,5292,0
43.15,1.57,28.19,7.02,1637,78.89,3474,0
31.36,0.16,32.38,5.71,1500,70.32,7737,0
30.46,1.81,13.28,6.91,1767,74.84,3958,0
45.87,1.15,21.64,9.49,1797,81.9,340,0
67.58,0.86,29.02,8.65,1605,43.12,6596,1
45.38,2.23,28.98,7.52,1738,68.56,6154,0
47.96,0.54,31.5,5.75,1668,75.54,3087,0
47.29,0.18,19.89,6.27,1650,46.99,585,0
54.25,0.47,26.82,8.17,1538,42.18,4423,0
72.84,2.42,17.55,7.6,1686,76.87,4800,0
59.35,1.77,28.37,5.73,1717,56.0,8851,1
36.02,1.23,22.95,9.06,1540,63.27,8650,0
33.59,2.36,29.92,8.02,1740,74.47,5105,0
55.77,0.56,27.92,5.53,1516,78.06,1089,0
43.54,0.74,10.52,5.96,1718,45.44,3014,0
33.61,0.83,33.22,5.75,1678,63.23,5825,0
56.89,0.84,24.3,8.25,1794,53.99,6741,0
62.01,0.72,31.46,6.1,1603,45.45,2339,0
59.93,0.98,32.37,6.41,1704,37.06,7839,1
51.04,0.22,15.12,6.42,1748,67.73,7943,0
37.68,1.73,21.27,9.73,1769,80.87,2193,0
33.71,0.54,13.14,6.4,1712,67.38,5639,0
71.8,0.42,10.1,9.48,1463,64.73,6905,0
46.32,1.26,12.8,9.58,1763,70.2,5747,0
48.63,2.38,28.07,8.38,1699,39.81,3752,0
